Split,Filename_Removed,Reason
val,GCA_021641085.1_ASM2164108v1_genomic.cleaned.fna,Mash_dist=0.0189 (Train vs Val)
val,GCA_022846155.1_ASM2284615v1_genomic.cleaned.fna,Mash_dist=0.0115 (Train vs Val)
val,GCA_022846175.1_ASM2284617v1_genomic.cleaned.fna,Mash_dist=0.0115 (Train vs Val)
val,GCA_021503995.1_ASM2150399v1_genomic.cleaned.fna,Mash_dist=0.0203 (Train vs Val)
val,GCA_023169565.1_ASM2316956v1_genomic.cleaned.fna,Mash_dist=0.0096 (Train vs Val)
val,GCA_022709205.1_ASM2270920v1_genomic.cleaned.fna,Mash_dist=0.0123 (Train vs Val)
val,GCA_022709245.1_ASM2270924v1_genomic.cleaned.fna,Mash_dist=0.0432 (Train vs Val)
val,GCA_020055625.2_ASM2005562v2_genomic.cleaned.fna,Mash_dist=0.0477 (Train vs Val)
val,GCA_022759325.1_ASM2275932v1_genomic.cleaned.fna,Mash_dist=0.0421 (Train vs Val)
val,GCA_021791005.1_ASM2179100v1_genomic.cleaned.fna,Mash_dist=0.0296 (Train vs Val)
val,GCA_021797595.1_ASM2179759v1_genomic.cleaned.fna,Mash_dist=0.0421 (Train vs Val)
val,GCA_021798215.1_ASM2179821v1_genomic.cleaned.fna,Mash_dist=0.0092 (Train vs Val)
val,GCA_021806375.1_ASM2180637v1_genomic.cleaned.fna,Mash_dist=0.0263 (Train vs Val)
val,GCA_021806935.1_ASM2180693v1_genomic.cleaned.fna,Mash_dist=0.0142 (Train vs Val)
val,GCA_021818705.1_ASM2181870v1_genomic.cleaned.fna,Mash_dist=0.0055 (Train vs Val)
val,GCA_021820285.1_ASM2182028v1_genomic.cleaned.fna,Mash_dist=0.0130 (Train vs Val)
val,GCA_021835215.1_ASM2183521v1_genomic.cleaned.fna,Mash_dist=0.0447 (Train vs Val)
val,GCA_021829675.1_ASM2182967v1_genomic.cleaned.fna,Mash_dist=0.0279 (Train vs Val)
val,GCA_021829695.1_ASM2182969v1_genomic.cleaned.fna,Mash_dist=0.0178 (Train vs Val)
val,GCA_021830275.1_ASM2183027v1_genomic.cleaned.fna,Mash_dist=0.0417 (Train vs Val)
val,GCA_021830455.1_ASM2183045v1_genomic.cleaned.fna,Mash_dist=0.0311 (Train vs Val)
val,GCA_021831885.1_ASM2183188v1_genomic.cleaned.fna,Mash_dist=0.0253 (Train vs Val)
val,GCA_021833045.1_ASM2183304v1_genomic.cleaned.fna,Mash_dist=0.0454 (Train vs Val)
val,GCA_021835185.1_ASM2183518v1_genomic.cleaned.fna,Mash_dist=0.0344 (Train vs Val)
val,GCA_021835485.1_ASM2183548v1_genomic.cleaned.fna,Mash_dist=0.0477 (Train vs Val)
val,GCA_021844705.1_ASM2184470v1_genomic.cleaned.fna,Mash_dist=0.0387 (Train vs Val)
val,GCA_021844825.1_ASM2184482v1_genomic.cleaned.fna,Mash_dist=0.0362 (Train vs Val)
val,GCA_021845145.1_ASM2184514v1_genomic.cleaned.fna,Mash_dist=0.0409 (Train vs Val)
val,GCA_021845225.1_ASM2184522v1_genomic.cleaned.fna,Mash_dist=0.0486 (Train vs Val)
val,GCA_021845335.1_ASM2184533v1_genomic.cleaned.fna,Mash_dist=0.0489 (Train vs Val)
val,GCA_021846695.1_ASM2184669v1_genomic.cleaned.fna,Mash_dist=0.0450 (Train vs Val)
val,GCA_021617285.1_ASM2161728v1_genomic.cleaned.fna,Mash_dist=0.0335 (Train vs Val)
val,GCA_022452065.1_ASM2245206v1_genomic.cleaned.fna,Mash_dist=0.0420 (Train vs Val)
val,GCA_022709115.1_ASM2270911v1_genomic.cleaned.fna,Mash_dist=0.0071 (Train vs Val)
val,GCA_021797325.1_ASM2179732v1_genomic.cleaned.fna,Mash_dist=0.0164 (Train vs Val)
val,GCA_022709085.1_ASM2270908v1_genomic.cleaned.fna,Mash_dist=0.0196 (Train vs Val)
val,GCA_022545345.1_ASM2254534v1_genomic.cleaned.fna,Mash_dist=0.0452 (Train vs Val)
val,GCA_022564175.1_ASM2256417v1_genomic.cleaned.fna,Mash_dist=0.0460 (Train vs Val)
val,GCA_022567895.1_ASM2256789v1_genomic.cleaned.fna,Mash_dist=0.0262 (Train vs Val)
val,GCA_022572765.1_ASM2257276v1_genomic.cleaned.fna,Mash_dist=0.0348 (Train vs Val)
val,GCA_022573335.1_ASM2257333v1_genomic.cleaned.fna,Mash_dist=0.0454 (Train vs Val)
val,GCA_022450745.1_ASM2245074v1_genomic.cleaned.fna,Mash_dist=0.0271 (Train vs Val)
val,GCA_021793455.1_ASM2179345v1_genomic.cleaned.fna,Mash_dist=0.0261 (Train vs Val)
val,GCA_021834865.1_ASM2183486v1_genomic.cleaned.fna,Mash_dist=0.0475 (Train vs Val)
val,GCA_021846375.1_ASM2184637v1_genomic.cleaned.fna,Mash_dist=0.0332 (Train vs Val)
val,GCA_022759305.1_ASM2275930v1_genomic.cleaned.fna,Mash_dist=0.0362 (Train vs Val)
val,GCA_022710875.1_ASM2271087v1_genomic.cleaned.fna,Mash_dist=0.0310 (Train vs Val)
val,GCA_022451545.1_ASM2245154v1_genomic.cleaned.fna,Mash_dist=0.0200 (Train vs Val)
val,GCA_022448665.1_ASM2244866v1_genomic.cleaned.fna,Mash_dist=0.0475 (Train vs Val)
val,GCA_022451825.1_ASM2245182v1_genomic.cleaned.fna,Mash_dist=0.0285 (Train vs Val)
val,GCA_022449715.1_ASM2244971v1_genomic.cleaned.fna,Mash_dist=0.0410 (Train vs Val)
val,GCA_022451345.1_ASM2245134v1_genomic.cleaned.fna,Mash_dist=0.0356 (Train vs Val)
val,GCA_021617575.1_ASM2161757v1_genomic.cleaned.fna,Mash_dist=0.0182 (Train vs Val)
val,GCA_022449205.1_ASM2244920v1_genomic.cleaned.fna,Mash_dist=0.0161 (Train vs Val)
val,GCA_022450765.1_ASM2245076v1_genomic.cleaned.fna,Mash_dist=0.0288 (Train vs Val)
val,GCA_022451205.1_ASM2245120v1_genomic.cleaned.fna,Mash_dist=0.0399 (Train vs Val)
val,GCA_022451235.1_ASM2245123v1_genomic.cleaned.fna,Mash_dist=0.0435 (Train vs Val)
val,GCA_022451725.1_ASM2245172v1_genomic.cleaned.fna,Mash_dist=0.0311 (Train vs Val)
test,GCA_028709645.1_ASM2870964v1_genomic.cleaned.fna,Mash_dist=0.0134 (Train vs Test)
test,GCA_028697775.1_ASM2869777v1_genomic.cleaned.fna,Mash_dist=0.0157 (Train vs Test)
test,GCA_934834405.1_MTG232_bin.10.fa_genomic.cleaned.fna,Mash_dist=0.0122 (Train vs Test)
test,GCA_934836805.1_MTG234_bin.2.fa_genomic.cleaned.fna,Mash_dist=0.0126 (Train vs Test)
test,GCA_934841515.1_MTG233_bin.9.fa_genomic.cleaned.fna,Mash_dist=0.0122 (Train vs Test)
test,GCA_934854605.1_MTG237_bin.37.fa_genomic.cleaned.fna,Mash_dist=0.0122 (Train vs Test)
test,GCA_934864325.1_MTG235_bin.19.fa_genomic.cleaned.fna,Mash_dist=0.0121 (Train vs Test)
test,GCA_934864615.1_MTG236_bin.38.fa_genomic.cleaned.fna,Mash_dist=0.0127 (Train vs Test)
test,GCA_934876175.1_MTG246_bin.5.fa_genomic.cleaned.fna,Mash_dist=0.0131 (Train vs Test)
test,GCA_934879315.1_MTG248_bin.32.fa_genomic.cleaned.fna,Mash_dist=0.0120 (Train vs Test)
test,GCA_934881615.1_MTG247_bin.44.fa_genomic.cleaned.fna,Mash_dist=0.0122 (Train vs Test)
test,GCA_934882215.1_MTG240_bin.3.fa_genomic.cleaned.fna,Mash_dist=0.0119 (Train vs Test)
test,GCA_934882635.1_MTG239_bin.1.fa_genomic.cleaned.fna,Mash_dist=0.0122 (Train vs Test)
test,GCA_934882835.1_MTG238_bin.31.fa_genomic.cleaned.fna,Mash_dist=0.0119 (Train vs Test)
test,GCA_028705015.1_ASM2870501v1_genomic.cleaned.fna,Mash_dist=0.0158 (Train vs Test)
test,GCA_028691265.1_ASM2869126v1_genomic.cleaned.fna,Mash_dist=0.0252 (Train vs Test)
test,GCA_028683675.1_ASM2868367v1_genomic.cleaned.fna,Mash_dist=0.0161 (Train vs Test)
test,GCA_028686525.1_ASM2868652v1_genomic.cleaned.fna,Mash_dist=0.0276 (Train vs Test)
test,GCA_028692935.1_ASM2869293v1_genomic.cleaned.fna,Mash_dist=0.0270 (Train vs Test)
test,GCA_028698985.1_ASM2869898v1_genomic.cleaned.fna,Mash_dist=0.0189 (Train vs Test)
test,GCA_028703615.1_ASM2870361v1_genomic.cleaned.fna,Mash_dist=0.0271 (Train vs Test)
test,GCA_028705965.1_ASM2870596v1_genomic.cleaned.fna,Mash_dist=0.0177 (Train vs Test)
test,GCA_028707615.1_ASM2870761v1_genomic.cleaned.fna,Mash_dist=0.0292 (Train vs Test)
test,GCA_023228095.1_ASM2322809v1_genomic.cleaned.fna,Mash_dist=0.0430 (Train vs Test)
test,GCA_028695655.1_ASM2869565v1_genomic.cleaned.fna,Mash_dist=0.0198 (Train vs Test)
test,GCA_028700065.1_ASM2870006v1_genomic.cleaned.fna,Mash_dist=0.0457 (Train vs Test)
test,GCA_028705635.1_ASM2870563v1_genomic.cleaned.fna,Mash_dist=0.0407 (Train vs Test)
test,GCA_028714415.1_ASM2871441v1_genomic.cleaned.fna,Mash_dist=0.0416 (Train vs Test)
test,GCA_028718625.1_ASM2871862v1_genomic.cleaned.fna,Mash_dist=0.0473 (Train vs Test)
test,GCA_029225785.1_ASM2922578v1_genomic.cleaned.fna,Mash_dist=0.0125 (Train vs Test)
test,GCA_029232225.1_ASM2923222v1_genomic.cleaned.fna,Mash_dist=0.0131 (Train vs Test)
test,GCA_026414425.1_ASM2641442v1_genomic.cleaned.fna,Mash_dist=0.0091 (Train vs Test)
test,GCA_027925065.1_ASM2792506v1_genomic.cleaned.fna,Mash_dist=0.0027 (Train vs Test)
test,GCA_025449255.1_ASM2544925v1_genomic.cleaned.fna,Mash_dist=0.0090 (Train vs Test)
test,GCA_028472005.1_ASM2847200v1_genomic.cleaned.fna,Mash_dist=0.0458 (Train vs Test)
test,GCA_024239095.1_ASM2423909v1_genomic.cleaned.fna,Mash_dist=0.0224 (Train vs Test)
test,GCA_027309705.1_ASM2730970v1_genomic.cleaned.fna,Mash_dist=0.0200 (Train vs Test)
test,GCA_027358005.1_ASM2735800v1_genomic.cleaned.fna,Mash_dist=0.0154 (Train vs Test)
test,GCA_027375455.1_ASM2737545v1_genomic.cleaned.fna,Mash_dist=0.0192 (Train vs Test)
test,GCA_027375625.1_ASM2737562v1_genomic.cleaned.fna,Mash_dist=0.0135 (Train vs Test)
test,GCA_028693735.1_ASM2869373v1_genomic.cleaned.fna,Mash_dist=0.0114 (Train vs Test)
test,GCA_022837215.1_ASM2283721v1_genomic.cleaned.fna,Mash_dist=0.0093 (Train vs Test)
test,GCA_022837645.1_ASM2283764v1_genomic.cleaned.fna,Mash_dist=0.0097 (Train vs Test)
test,GCA_022839085.1_ASM2283908v1_genomic.cleaned.fna,Mash_dist=0.0160 (Train vs Test)
test,GCA_022839595.1_ASM2283959v1_genomic.cleaned.fna,Mash_dist=0.0491 (Train vs Test)
test,GCA_022839685.1_ASM2283968v1_genomic.cleaned.fna,Mash_dist=0.0105 (Train vs Test)
test,GCA_022839925.1_ASM2283992v1_genomic.cleaned.fna,Mash_dist=0.0496 (Train vs Test)
test,GCA_022840035.1_ASM2284003v1_genomic.cleaned.fna,Mash_dist=0.0102 (Train vs Test)
test,GCA_022840385.1_ASM2284038v1_genomic.cleaned.fna,Mash_dist=0.0155 (Train vs Test)
test,GCA_022840505.1_ASM2284050v1_genomic.cleaned.fna,Mash_dist=0.0496 (Train vs Test)
test,GCA_022840705.1_ASM2284070v1_genomic.cleaned.fna,Mash_dist=0.0151 (Train vs Test)
test,GCA_022841105.1_ASM2284110v1_genomic.cleaned.fna,Mash_dist=0.0156 (Train vs Test)
test,GCA_023229265.1_ASM2322926v1_genomic.cleaned.fna,Mash_dist=0.0439 (Train vs Test)
test,GCA_022839835.1_ASM2283983v1_genomic.cleaned.fna,Mash_dist=0.0092 (Train vs Test)
test,GCA_028679545.1_ASM2867954v1_genomic.cleaned.fna,Mash_dist=0.0324 (Train vs Test)
test,GCA_028679595.1_ASM2867959v1_genomic.cleaned.fna,Mash_dist=0.0326 (Train vs Test)
test,GCA_028679635.1_ASM2867963v1_genomic.cleaned.fna,Mash_dist=0.0340 (Train vs Test)
test,GCA_028686775.1_ASM2868677v1_genomic.cleaned.fna,Mash_dist=0.0117 (Train vs Test)
test,GCA_028695755.1_ASM2869575v1_genomic.cleaned.fna,Mash_dist=0.0172 (Train vs Test)
test,GCA_028697115.1_ASM2869711v1_genomic.cleaned.fna,Mash_dist=0.0070 (Train vs Test)
test,GCA_028719105.1_ASM2871910v1_genomic.cleaned.fna,Mash_dist=0.0078 (Train vs Test)
test,GCA_028681455.1_ASM2868145v1_genomic.cleaned.fna,Mash_dist=0.0076 (Train vs Test)
test,GCA_028684995.1_ASM2868499v1_genomic.cleaned.fna,Mash_dist=0.0141 (Train vs Test)
test,GCA_028687835.1_ASM2868783v1_genomic.cleaned.fna,Mash_dist=0.0085 (Train vs Test)
test,GCA_028692305.1_ASM2869230v1_genomic.cleaned.fna,Mash_dist=0.0067 (Train vs Test)
test,GCA_028699575.1_ASM2869957v1_genomic.cleaned.fna,Mash_dist=0.0238 (Train vs Test)
test,GCA_028703715.1_ASM2870371v1_genomic.cleaned.fna,Mash_dist=0.0069 (Train vs Test)
test,GCA_028705395.1_ASM2870539v1_genomic.cleaned.fna,Mash_dist=0.0077 (Train vs Test)
test,GCA_023256035.1_ASM2325603v1_genomic.cleaned.fna,Mash_dist=0.0076 (Train vs Test)
test,GCA_929200665.1_uncultured_MGIIa-L1_Thermoplasmatota_SW01_Bin13_genomic.cleaned.fna,Mash_dist=0.0245 (Train vs Test)
test,GCA_028706055.1_ASM2870605v1_genomic.cleaned.fna,Mash_dist=0.0472 (Train vs Test)
test,GCA_025397995.1_ASM2539799v1_genomic.cleaned.fna,Mash_dist=0.0055 (Train vs Test)
test,GCA_027554905.1_ASM2755490v1_genomic.cleaned.fna,Mash_dist=0.0192 (Train vs Test)
test,GCA_027555045.1_ASM2755504v1_genomic.cleaned.fna,Mash_dist=0.0151 (Train vs Test)
test,GCA_027555065.1_ASM2755506v1_genomic.cleaned.fna,Mash_dist=0.0001 (Train vs Test)
test,GCA_025914035.1_ASM2591403v1_genomic.cleaned.fna,Mash_dist=0.0000 (Train vs Test)
test,GCA_022837155.1_ASM2283715v1_genomic.cleaned.fna,Mash_dist=0.0086 (Train vs Test)
test,GCA_022837565.1_ASM2283756v1_genomic.cleaned.fna,Mash_dist=0.0104 (Train vs Test)
test,GCA_022837945.1_ASM2283794v1_genomic.cleaned.fna,Mash_dist=0.0099 (Train vs Test)
test,GCA_024730625.1_ASM2473062v1_genomic.cleaned.fna,Mash_dist=0.0321 (Train vs Test)
test,GCA_028471785.1_ASM2847178v1_genomic.cleaned.fna,Mash_dist=0.0000 (Train vs Test)
test,GCA_028471865.1_ASM2847186v1_genomic.cleaned.fna,Mash_dist=0.0001 (Train vs Test)
test,GCA_028472365.1_ASM2847236v1_genomic.cleaned.fna,Mash_dist=0.0001 (Train vs Test)
test,GCA_028210825.1_ASM2821082v1_genomic.cleaned.fna,Mash_dist=0.0130 (Train vs Test)
test,GCA_028210945.1_ASM2821094v1_genomic.cleaned.fna,Mash_dist=0.0152 (Train vs Test)
test,GCA_028211005.1_ASM2821100v1_genomic.cleaned.fna,Mash_dist=0.0126 (Train vs Test)
test,GCA_028211085.1_ASM2821108v1_genomic.cleaned.fna,Mash_dist=0.0140 (Train vs Test)
test,GCA_028211095.1_ASM2821109v1_genomic.cleaned.fna,Mash_dist=0.0159 (Train vs Test)
test,GCA_028211275.1_ASM2821127v1_genomic.cleaned.fna,Mash_dist=0.0167 (Train vs Test)
test,GCA_028211355.1_ASM2821135v1_genomic.cleaned.fna,Mash_dist=0.0129 (Train vs Test)
test,GCA_028328625.1_ASM2832862v1_genomic.cleaned.fna,Mash_dist=0.0167 (Train vs Test)
test,GCA_028329625.1_ASM2832962v1_genomic.cleaned.fna,Mash_dist=0.0167 (Train vs Test)
test,GCA_028329665.1_ASM2832966v1_genomic.cleaned.fna,Mash_dist=0.0164 (Train vs Test)
test,GCA_028329825.1_ASM2832982v1_genomic.cleaned.fna,Mash_dist=0.0171 (Train vs Test)
test,GCA_028329875.1_ASM2832987v1_genomic.cleaned.fna,Mash_dist=0.0172 (Train vs Test)
test,GCA_028329925.1_ASM2832992v1_genomic.cleaned.fna,Mash_dist=0.0167 (Train vs Test)
test,GCA_028329985.1_ASM2832998v1_genomic.cleaned.fna,Mash_dist=0.0167 (Train vs Test)
test,GCA_028330485.1_ASM2833048v1_genomic.cleaned.fna,Mash_dist=0.0167 (Train vs Test)
test,GCA_028330545.1_ASM2833054v1_genomic.cleaned.fna,Mash_dist=0.0167 (Train vs Test)
test,GCA_028330555.1_ASM2833055v1_genomic.cleaned.fna,Mash_dist=0.0167 (Train vs Test)
test,GCA_028330585.1_ASM2833058v1_genomic.cleaned.fna,Mash_dist=0.0130 (Train vs Test)
test,GCA_028330605.1_ASM2833060v1_genomic.cleaned.fna,Mash_dist=0.0168 (Train vs Test)
test,GCA_028330625.1_ASM2833062v1_genomic.cleaned.fna,Mash_dist=0.0126 (Train vs Test)
test,GCA_027110435.1_ASM2711043v1_genomic.cleaned.fna,Mash_dist=0.0002 (Train vs Test)
test,GCA_027110455.1_ASM2711045v1_genomic.cleaned.fna,Mash_dist=0.0002 (Train vs Test)
test,GCA_946463545.1_Mth-DSM-2095-CCS-WG_genomic.cleaned.fna,Mash_dist=0.0081 (Train vs Test)
test,GCA_027448485.1_ASM2744848v1_genomic.cleaned.fna,Mash_dist=0.0290 (Train vs Test)
test,GCA_023261665.1_ASM2326166v1_genomic.cleaned.fna,Mash_dist=0.0071 (Train vs Test)
test,GCA_024760425.1_ASM2476042v1_genomic.cleaned.fna,Mash_dist=0.0000 (Train vs Test)
test,GCA_025244945.1_ASM2524494v1_genomic.cleaned.fna,Mash_dist=0.0000 (Train vs Test)
test,GCA_025035885.1_ASM2503588v1_genomic.cleaned.fna,Mash_dist=0.0082 (Train vs Test)
test,GCA_027925105.1_ASM2792510v1_genomic.cleaned.fna,Mash_dist=0.0029 (Train vs Test)
test,GCA_023255915.1_ASM2325591v1_genomic.cleaned.fna,Mash_dist=0.0107 (Train vs Test)
test,GCA_022839705.1_ASM2283970v1_genomic.cleaned.fna,Mash_dist=0.0225 (Train vs Test)
test,GCA_023261725.1_ASM2326172v1_genomic.cleaned.fna,Mash_dist=0.0442 (Train vs Test)
test,GCA_027319545.1_ASM2731954v1_genomic.cleaned.fna,Mash_dist=0.0233 (Train vs Test)
test,GCA_027369285.1_ASM2736928v1_genomic.cleaned.fna,Mash_dist=0.0280 (Train vs Test)
test,GCA_027369355.1_ASM2736935v1_genomic.cleaned.fna,Mash_dist=0.0223 (Train vs Test)
test,GCA_027369375.1_ASM2736937v1_genomic.cleaned.fna,Mash_dist=0.0141 (Train vs Test)
test,GCA_027374165.1_ASM2737416v1_genomic.cleaned.fna,Mash_dist=0.0278 (Train vs Test)
test,GCA_027374175.1_ASM2737417v1_genomic.cleaned.fna,Mash_dist=0.0281 (Train vs Test)
test,GCA_027374235.1_ASM2737423v1_genomic.cleaned.fna,Mash_dist=0.0275 (Train vs Test)
test,GCA_027374375.1_ASM2737437v1_genomic.cleaned.fna,Mash_dist=0.0078 (Train vs Test)
test,GCA_027374395.1_ASM2737439v1_genomic.cleaned.fna,Mash_dist=0.0076 (Train vs Test)
test,GCA_027374475.1_ASM2737447v1_genomic.cleaned.fna,Mash_dist=0.0098 (Train vs Test)
test,GCA_027374505.1_ASM2737450v1_genomic.cleaned.fna,Mash_dist=0.0099 (Train vs Test)
test,GCA_027448345.1_ASM2744834v1_genomic.cleaned.fna,Mash_dist=0.0158 (Train vs Test)
test,GCA_024498175.1_ASM2449817v1_genomic.cleaned.fna,Mash_dist=0.0108 (Train vs Test)
test,GCA_027353625.1_ASM2735362v1_genomic.cleaned.fna,Mash_dist=0.0056 (Train vs Test)
test,GCA_027364975.1_ASM2736497v1_genomic.cleaned.fna,Mash_dist=0.0005 (Train vs Test)
test,GCA_023269815.1_ASM2326981v1_genomic.cleaned.fna,Mash_dist=0.0215 (Train vs Test)
test,GCA_022969015.1_ASM2296901v1_genomic.cleaned.fna,Mash_dist=0.0002 (Train vs Test)
test,GCA_023268735.1_ASM2326873v1_genomic.cleaned.fna,Mash_dist=0.0194 (Train vs Test)
test,GCA_028439825.1_ASM2843982v1_genomic.cleaned.fna,Mash_dist=0.0196 (Train vs Test)
test,GCA_027379195.1_ASM2737919v1_genomic.cleaned.fna,Mash_dist=0.0140 (Train vs Test)
test,GCA_027379255.1_ASM2737925v1_genomic.cleaned.fna,Mash_dist=0.0381 (Train vs Test)
test,GCA_027379315.1_ASM2737931v1_genomic.cleaned.fna,Mash_dist=0.0245 (Train vs Test)
test,GCA_024860905.1_ASM2486090v1_genomic.cleaned.fna,Mash_dist=0.0221 (Train vs Test)
test,GCA_026709665.1_ASM2670966v1_genomic.cleaned.fna,Mash_dist=0.0225 (Train vs Test)
test,GCA_028816755.1_ASM2881675v1_genomic.cleaned.fna,Mash_dist=0.0183 (Train vs Test)
test,GCA_028817155.1_ASM2881715v1_genomic.cleaned.fna,Mash_dist=0.0177 (Train vs Test)
test,GCA_028817395.1_ASM2881739v1_genomic.cleaned.fna,Mash_dist=0.0200 (Train vs Test)
test,GCA_028817455.1_ASM2881745v1_genomic.cleaned.fna,Mash_dist=0.0245 (Train vs Test)
test,GCA_023898345.1_ASM2389834v1_genomic.cleaned.fna,Mash_dist=0.0119 (Train vs Test)
test,GCA_028867315.1_ASM2886731v1_genomic.cleaned.fna,Mash_dist=0.0280 (Train vs Test)
test,GCA_028867815.1_ASM2886781v1_genomic.cleaned.fna,Mash_dist=0.0308 (Train vs Test)
test,GCA_026394955.1_ASM2639495v1_genomic.cleaned.fna,Mash_dist=0.0480 (Train vs Test)
test,GCA_028867955.1_ASM2886795v1_genomic.cleaned.fna,Mash_dist=0.0037 (Train vs Test)
test,GCA_027570335.1_ASM2757033v1_genomic.cleaned.fna,Mash_dist=0.0042 (Train vs Test)
test,GCA_028681315.1_ASM2868131v1_genomic.cleaned.fna,Mash_dist=0.0148 (Train vs Test)
test,GCA_028685055.1_ASM2868505v1_genomic.cleaned.fna,Mash_dist=0.0373 (Train vs Test)
test,GCA_028688035.1_ASM2868803v1_genomic.cleaned.fna,Mash_dist=0.0138 (Train vs Test)
test,GCA_028690335.1_ASM2869033v1_genomic.cleaned.fna,Mash_dist=0.0170 (Train vs Test)
test,GCA_028693315.1_ASM2869331v1_genomic.cleaned.fna,Mash_dist=0.0332 (Train vs Test)
test,GCA_028699395.1_ASM2869939v1_genomic.cleaned.fna,Mash_dist=0.0192 (Train vs Test)
test,GCA_028701795.1_ASM2870179v1_genomic.cleaned.fna,Mash_dist=0.0316 (Train vs Test)
test,GCA_028868035.1_ASM2886803v1_genomic.cleaned.fna,Mash_dist=0.0047 (Train vs Test)
test,GCA_028868055.1_ASM2886805v1_genomic.cleaned.fna,Mash_dist=0.0042 (Train vs Test)
test,GCA_028868075.1_ASM2886807v1_genomic.cleaned.fna,Mash_dist=0.0035 (Train vs Test)
test,GCA_026995655.1_ASM2699565v1_genomic.cleaned.fna,Mash_dist=0.0381 (Train vs Test)
test,GCA_026995975.1_ASM2699597v1_genomic.cleaned.fna,Mash_dist=0.0432 (Train vs Test)
test,GCA_027045345.1_ASM2704534v1_genomic.cleaned.fna,Mash_dist=0.0435 (Train vs Test)
test,GCA_027075445.1_ASM2707544v1_genomic.cleaned.fna,Mash_dist=0.0447 (Train vs Test)
test,GCA_027076115.1_ASM2707611v1_genomic.cleaned.fna,Mash_dist=0.0467 (Train vs Test)
test,GCA_027316715.1_ASM2731671v1_genomic.cleaned.fna,Mash_dist=0.0108 (Train vs Test)
test,GCA_027316865.1_ASM2731686v1_genomic.cleaned.fna,Mash_dist=0.0083 (Train vs Test)
test,GCA_027318145.1_ASM2731814v1_genomic.cleaned.fna,Mash_dist=0.0332 (Train vs Test)
test,GCA_027369475.1_ASM2736947v1_genomic.cleaned.fna,Mash_dist=0.0221 (Train vs Test)
test,GCA_027369535.1_ASM2736953v1_genomic.cleaned.fna,Mash_dist=0.0334 (Train vs Test)
test,GCA_027369555.1_ASM2736955v1_genomic.cleaned.fna,Mash_dist=0.0312 (Train vs Test)
test,GCA_027369585.1_ASM2736958v1_genomic.cleaned.fna,Mash_dist=0.0194 (Train vs Test)
test,GCA_027370245.1_ASM2737024v1_genomic.cleaned.fna,Mash_dist=0.0325 (Train vs Test)
test,GCA_027370335.1_ASM2737033v1_genomic.cleaned.fna,Mash_dist=0.0266 (Train vs Test)
test,GCA_027448425.1_ASM2744842v1_genomic.cleaned.fna,Mash_dist=0.0267 (Train vs Test)
test,GCA_022837385.1_ASM2283738v1_genomic.cleaned.fna,Mash_dist=0.0074 (Train vs Test)
test,GCA_022837835.1_ASM2283783v1_genomic.cleaned.fna,Mash_dist=0.0073 (Train vs Test)
test,GCA_022838685.1_ASM2283868v1_genomic.cleaned.fna,Mash_dist=0.0088 (Train vs Test)
test,GCA_022839825.1_ASM2283982v1_genomic.cleaned.fna,Mash_dist=0.0089 (Train vs Test)
test,GCA_028686815.1_ASM2868681v1_genomic.cleaned.fna,Mash_dist=0.0130 (Train vs Test)
test,GCA_028694205.1_ASM2869420v1_genomic.cleaned.fna,Mash_dist=0.0203 (Train vs Test)
test,GCA_028707395.1_ASM2870739v1_genomic.cleaned.fna,Mash_dist=0.0124 (Train vs Test)
test,GCA_028283325.1_ASM2828332v1_genomic.cleaned.fna,Mash_dist=0.0286 (Train vs Test)
test,GCA_028283425.1_ASM2828342v1_genomic.cleaned.fna,Mash_dist=0.0402 (Train vs Test)
test,GCA_028283455.1_ASM2828345v1_genomic.cleaned.fna,Mash_dist=0.0338 (Train vs Test)
test,GCA_028283525.1_ASM2828352v1_genomic.cleaned.fna,Mash_dist=0.0465 (Train vs Test)
test,GCA_027309925.1_ASM2730992v1_genomic.cleaned.fna,Mash_dist=0.0413 (Train vs Test)
test,GCA_027316705.1_ASM2731670v1_genomic.cleaned.fna,Mash_dist=0.0157 (Train vs Test)
test,GCA_027317025.1_ASM2731702v1_genomic.cleaned.fna,Mash_dist=0.0094 (Train vs Test)
test,GCA_027336485.1_ASM2733648v1_genomic.cleaned.fna,Mash_dist=0.0376 (Train vs Test)
test,GCA_027336525.1_ASM2733652v1_genomic.cleaned.fna,Mash_dist=0.0439 (Train vs Test)
test,GCA_027336545.1_ASM2733654v1_genomic.cleaned.fna,Mash_dist=0.0362 (Train vs Test)
test,GCA_027336595.1_ASM2733659v1_genomic.cleaned.fna,Mash_dist=0.0362 (Train vs Test)
test,GCA_027336645.1_ASM2733664v1_genomic.cleaned.fna,Mash_dist=0.0477 (Train vs Test)
test,GCA_027336665.1_ASM2733666v1_genomic.cleaned.fna,Mash_dist=0.0377 (Train vs Test)
test,GCA_027317585.1_ASM2731758v1_genomic.cleaned.fna,Mash_dist=0.0153 (Train vs Test)
test,GCA_027316205.1_ASM2731620v1_genomic.cleaned.fna,Mash_dist=0.0174 (Train vs Test)
test,GCA_027316245.1_ASM2731624v1_genomic.cleaned.fna,Mash_dist=0.0185 (Train vs Test)
test,GCA_027316265.1_ASM2731626v1_genomic.cleaned.fna,Mash_dist=0.0138 (Train vs Test)
test,GCA_027316285.1_ASM2731628v1_genomic.cleaned.fna,Mash_dist=0.0119 (Train vs Test)
test,GCA_027316305.1_ASM2731630v1_genomic.cleaned.fna,Mash_dist=0.0168 (Train vs Test)
test,GCA_027316315.1_ASM2731631v1_genomic.cleaned.fna,Mash_dist=0.0124 (Train vs Test)
test,GCA_027316335.1_ASM2731633v1_genomic.cleaned.fna,Mash_dist=0.0212 (Train vs Test)
test,GCA_027316385.1_ASM2731638v1_genomic.cleaned.fna,Mash_dist=0.0295 (Train vs Test)
test,GCA_027316405.1_ASM2731640v1_genomic.cleaned.fna,Mash_dist=0.0186 (Train vs Test)
test,GCA_027316415.1_ASM2731641v1_genomic.cleaned.fna,Mash_dist=0.0150 (Train vs Test)
test,GCA_027316435.1_ASM2731643v1_genomic.cleaned.fna,Mash_dist=0.0162 (Train vs Test)
test,GCA_027316465.1_ASM2731646v1_genomic.cleaned.fna,Mash_dist=0.0216 (Train vs Test)
test,GCA_027316485.1_ASM2731648v1_genomic.cleaned.fna,Mash_dist=0.0161 (Train vs Test)
test,GCA_027316505.1_ASM2731650v1_genomic.cleaned.fna,Mash_dist=0.0180 (Train vs Test)
test,GCA_027316515.1_ASM2731651v1_genomic.cleaned.fna,Mash_dist=0.0159 (Train vs Test)
test,GCA_027316545.1_ASM2731654v1_genomic.cleaned.fna,Mash_dist=0.0169 (Train vs Test)
test,GCA_027316565.1_ASM2731656v1_genomic.cleaned.fna,Mash_dist=0.0157 (Train vs Test)
test,GCA_027316575.1_ASM2731657v1_genomic.cleaned.fna,Mash_dist=0.0164 (Train vs Test)
test,GCA_027316585.1_ASM2731658v1_genomic.cleaned.fna,Mash_dist=0.0178 (Train vs Test)
test,GCA_027316595.1_ASM2731659v1_genomic.cleaned.fna,Mash_dist=0.0161 (Train vs Test)
test,GCA_027316645.1_ASM2731664v1_genomic.cleaned.fna,Mash_dist=0.0288 (Train vs Test)
test,GCA_027316825.1_ASM2731682v1_genomic.cleaned.fna,Mash_dist=0.0273 (Train vs Test)
test,GCA_027316895.1_ASM2731689v1_genomic.cleaned.fna,Mash_dist=0.0285 (Train vs Test)
test,GCA_027316965.1_ASM2731696v1_genomic.cleaned.fna,Mash_dist=0.0083 (Train vs Test)
test,GCA_027317525.1_ASM2731752v1_genomic.cleaned.fna,Mash_dist=0.0220 (Train vs Test)
test,GCA_027317545.1_ASM2731754v1_genomic.cleaned.fna,Mash_dist=0.0166 (Train vs Test)
test,GCA_027317555.1_ASM2731755v1_genomic.cleaned.fna,Mash_dist=0.0167 (Train vs Test)
test,GCA_027317605.1_ASM2731760v1_genomic.cleaned.fna,Mash_dist=0.0136 (Train vs Test)
test,GCA_027317625.1_ASM2731762v1_genomic.cleaned.fna,Mash_dist=0.0152 (Train vs Test)
test,GCA_027366835.1_ASM2736683v1_genomic.cleaned.fna,Mash_dist=0.0254 (Train vs Test)
test,GCA_027366995.1_ASM2736699v1_genomic.cleaned.fna,Mash_dist=0.0217 (Train vs Test)
test,GCA_027367035.1_ASM2736703v1_genomic.cleaned.fna,Mash_dist=0.0250 (Train vs Test)
test,GCA_027367055.1_ASM2736705v1_genomic.cleaned.fna,Mash_dist=0.0223 (Train vs Test)
test,GCA_027367175.1_ASM2736717v1_genomic.cleaned.fna,Mash_dist=0.0128 (Train vs Test)
test,GCA_027368735.1_ASM2736873v1_genomic.cleaned.fna,Mash_dist=0.0339 (Train vs Test)
test,GCA_027368745.1_ASM2736874v1_genomic.cleaned.fna,Mash_dist=0.0209 (Train vs Test)
test,GCA_027373515.1_ASM2737351v1_genomic.cleaned.fna,Mash_dist=0.0197 (Train vs Test)
test,GCA_027373635.1_ASM2737363v1_genomic.cleaned.fna,Mash_dist=0.0285 (Train vs Test)
test,GCA_027380665.1_ASM2738066v1_genomic.cleaned.fna,Mash_dist=0.0484 (Train vs Test)
test,GCA_028690835.1_ASM2869083v1_genomic.cleaned.fna,Mash_dist=0.0134 (Train vs Test)
test,GCA_028710825.1_ASM2871082v1_genomic.cleaned.fna,Mash_dist=0.0178 (Train vs Test)
test,GCA_028718165.1_ASM2871816v1_genomic.cleaned.fna,Mash_dist=0.0103 (Train vs Test)
test,GCA_028691645.1_ASM2869164v1_genomic.cleaned.fna,Mash_dist=0.0223 (Train vs Test)
test,GCA_028684385.1_ASM2868438v1_genomic.cleaned.fna,Mash_dist=0.0116 (Train vs Test)
test,GCA_028685545.1_ASM2868554v1_genomic.cleaned.fna,Mash_dist=0.0229 (Train vs Test)
test,GCA_028688365.1_ASM2868836v1_genomic.cleaned.fna,Mash_dist=0.0294 (Train vs Test)
test,GCA_028689445.1_ASM2868944v1_genomic.cleaned.fna,Mash_dist=0.0185 (Train vs Test)
test,GCA_028693595.1_ASM2869359v1_genomic.cleaned.fna,Mash_dist=0.0109 (Train vs Test)
test,GCA_028700135.1_ASM2870013v1_genomic.cleaned.fna,Mash_dist=0.0118 (Train vs Test)
test,GCA_028701605.1_ASM2870160v1_genomic.cleaned.fna,Mash_dist=0.0214 (Train vs Test)
test,GCA_028702295.1_ASM2870229v1_genomic.cleaned.fna,Mash_dist=0.0207 (Train vs Test)
test,GCA_028702835.1_ASM2870283v1_genomic.cleaned.fna,Mash_dist=0.0303 (Train vs Test)
test,GCA_028705305.1_ASM2870530v1_genomic.cleaned.fna,Mash_dist=0.0463 (Train vs Test)
test,GCA_028708315.1_ASM2870831v1_genomic.cleaned.fna,Mash_dist=0.0117 (Train vs Test)
test,GCA_027381685.1_ASM2738168v1_genomic.cleaned.fna,Mash_dist=0.0326 (Train vs Test)
test,GCA_023254415.1_ASM2325441v1_genomic.cleaned.fna,Mash_dist=0.0495 (Train vs Test)
test,GCA_943841375.1_20200310_METABAT_380_1-contigs.fa_genomic.cleaned.fna,Mash_dist=0.0183 (Train vs Test)
test,GCA_943843335.1_20200414_METABAT_201_1-contigs.fa_genomic.cleaned.fna,Mash_dist=0.0207 (Train vs Test)
test,GCA_022837745.1_ASM2283774v1_genomic.cleaned.fna,Mash_dist=0.0441 (Train vs Test)
test,GCA_022838325.1_ASM2283832v1_genomic.cleaned.fna,Mash_dist=0.0454 (Train vs Test)
test,GCA_022838645.1_ASM2283864v1_genomic.cleaned.fna,Mash_dist=0.0435 (Train vs Test)
test,GCA_022839005.1_ASM2283900v1_genomic.cleaned.fna,Mash_dist=0.0404 (Train vs Test)
test,GCA_022839115.1_ASM2283911v1_genomic.cleaned.fna,Mash_dist=0.0449 (Train vs Test)
test,GCA_022840325.1_ASM2284032v1_genomic.cleaned.fna,Mash_dist=0.0444 (Train vs Test)
test,GCA_022840425.1_ASM2284042v1_genomic.cleaned.fna,Mash_dist=0.0398 (Train vs Test)
test,GCA_028686715.1_ASM2868671v1_genomic.cleaned.fna,Mash_dist=0.0226 (Train vs Test)
test,GCA_028692325.1_ASM2869232v1_genomic.cleaned.fna,Mash_dist=0.0190 (Train vs Test)
test,GCA_028702635.1_ASM2870263v1_genomic.cleaned.fna,Mash_dist=0.0197 (Train vs Test)
test,GCA_028708905.1_ASM2870890v1_genomic.cleaned.fna,Mash_dist=0.0174 (Train vs Test)
test,GCA_023379155.1_ASM2337915v1_genomic.cleaned.fna,Mash_dist=0.0173 (Train vs Test)
test,GCA_023379195.1_ASM2337919v1_genomic.cleaned.fna,Mash_dist=0.0234 (Train vs Test)
test,GCA_023379425.1_ASM2337942v1_genomic.cleaned.fna,Mash_dist=0.0181 (Train vs Test)
test,GCA_023381115.1_ASM2338111v1_genomic.cleaned.fna,Mash_dist=0.0261 (Train vs Test)
test,GCA_023381195.1_ASM2338119v1_genomic.cleaned.fna,Mash_dist=0.0164 (Train vs Test)
test,GCA_023381335.1_ASM2338133v1_genomic.cleaned.fna,Mash_dist=0.0442 (Train vs Test)
test,GCA_023381435.1_ASM2338143v1_genomic.cleaned.fna,Mash_dist=0.0299 (Train vs Test)
test,GCA_023480545.1_ASM2348054v1_genomic.cleaned.fna,Mash_dist=0.0221 (Train vs Test)
test,GCA_023484265.1_ASM2348426v1_genomic.cleaned.fna,Mash_dist=0.0444 (Train vs Test)
test,GCA_023487225.1_ASM2348722v1_genomic.cleaned.fna,Mash_dist=0.0406 (Train vs Test)
test,GCA_023488555.1_ASM2348855v1_genomic.cleaned.fna,Mash_dist=0.0398 (Train vs Test)
test,GCA_023489305.1_ASM2348930v1_genomic.cleaned.fna,Mash_dist=0.0303 (Train vs Test)
test,GCA_023489425.1_ASM2348942v1_genomic.cleaned.fna,Mash_dist=0.0381 (Train vs Test)
test,GCA_025457885.1_ASM2545788v1_genomic.cleaned.fna,Mash_dist=0.0468 (Train vs Test)
test,GCA_027375175.1_ASM2737517v1_genomic.cleaned.fna,Mash_dist=0.0315 (Train vs Test)
test,GCA_027015985.1_ASM2701598v1_genomic.cleaned.fna,Mash_dist=0.0400 (Train vs Test)
test,GCA_027027765.1_ASM2702776v1_genomic.cleaned.fna,Mash_dist=0.0444 (Train vs Test)
test,GCA_027316365.1_ASM2731636v1_genomic.cleaned.fna,Mash_dist=0.0209 (Train vs Test)
test,GCA_027316925.1_ASM2731692v1_genomic.cleaned.fna,Mash_dist=0.0167 (Train vs Test)
test,GCA_027375065.1_ASM2737506v1_genomic.cleaned.fna,Mash_dist=0.0366 (Train vs Test)
test,GCA_027375085.1_ASM2737508v1_genomic.cleaned.fna,Mash_dist=0.0442 (Train vs Test)
test,GCA_027375225.1_ASM2737522v1_genomic.cleaned.fna,Mash_dist=0.0304 (Train vs Test)
test,GCA_027375395.1_ASM2737539v1_genomic.cleaned.fna,Mash_dist=0.0369 (Train vs Test)
test,GCA_025641885.1_ASM2564188v1_genomic.cleaned.fna,Mash_dist=0.0475 (Train vs Test)
test,GCA_027257195.1_ASM2725719v1_genomic.cleaned.fna,Mash_dist=0.0480 (Train vs Test)
test,GCA_026692625.1_ASM2669262v1_genomic.cleaned.fna,Mash_dist=0.0327 (Train vs Test)
test,GCA_028700905.1_ASM2870090v1_genomic.cleaned.fna,Mash_dist=0.0473 (Train vs Test)
test,GCA_937868195.1_ERR2113688_bin.28_CONCOCT_v1.1_MAG_genomic.cleaned.fna,Mash_dist=0.0361 (Val vs Test)
test,GCA_027332265.1_ASM2733226v1_genomic.cleaned.fna,Mash_dist=0.0067 (Val vs Test)
test,GCA_027332295.1_ASM2733229v1_genomic.cleaned.fna,Mash_dist=0.0062 (Val vs Test)
test,GCA_027332305.1_ASM2733230v1_genomic.cleaned.fna,Mash_dist=0.0390 (Val vs Test)
test,GCA_027332345.1_ASM2733234v1_genomic.cleaned.fna,Mash_dist=0.0013 (Val vs Test)
test,GCA_027332365.1_ASM2733236v1_genomic.cleaned.fna,Mash_dist=0.0184 (Val vs Test)
test,GCA_027341315.1_ASM2734131v1_genomic.cleaned.fna,Mash_dist=0.0191 (Val vs Test)
test,GCA_027366465.1_ASM2736646v1_genomic.cleaned.fna,Mash_dist=0.0005 (Val vs Test)
test,GCA_027306485.1_ASM2730648v1_genomic.cleaned.fna,Mash_dist=0.0480 (Val vs Test)
test,GCA_027314165.1_ASM2731416v1_genomic.cleaned.fna,Mash_dist=0.0458 (Val vs Test)
test,GCA_027376455.1_ASM2737645v1_genomic.cleaned.fna,Mash_dist=0.0050 (Val vs Test)
test,GCA_027314175.1_ASM2731417v1_genomic.cleaned.fna,Mash_dist=0.0458 (Val vs Test)
test,GCA_027314305.1_ASM2731430v1_genomic.cleaned.fna,Mash_dist=0.0486 (Val vs Test)
test,GCA_027314325.1_ASM2731432v1_genomic.cleaned.fna,Mash_dist=0.0452 (Val vs Test)
test,GCA_027315645.1_ASM2731564v1_genomic.cleaned.fna,Mash_dist=0.0063 (Val vs Test)
test,GCA_027315865.1_ASM2731586v1_genomic.cleaned.fna,Mash_dist=0.0097 (Val vs Test)
test,GCA_027315985.1_ASM2731598v1_genomic.cleaned.fna,Mash_dist=0.0174 (Val vs Test)
test,GCA_027316015.1_ASM2731601v1_genomic.cleaned.fna,Mash_dist=0.0151 (Val vs Test)
test,GCA_027316085.1_ASM2731608v1_genomic.cleaned.fna,Mash_dist=0.0235 (Val vs Test)
test,GCA_027316105.1_ASM2731610v1_genomic.cleaned.fna,Mash_dist=0.0214 (Val vs Test)
test,GCA_027316125.1_ASM2731612v1_genomic.cleaned.fna,Mash_dist=0.0228 (Val vs Test)
test,GCA_027319365.1_ASM2731936v1_genomic.cleaned.fna,Mash_dist=0.0105 (Val vs Test)
test,GCA_027322405.1_ASM2732240v1_genomic.cleaned.fna,Mash_dist=0.0390 (Val vs Test)
test,GCA_027324445.1_ASM2732444v1_genomic.cleaned.fna,Mash_dist=0.0024 (Val vs Test)
test,GCA_027336385.1_ASM2733638v1_genomic.cleaned.fna,Mash_dist=0.0071 (Val vs Test)
test,GCA_027341725.1_ASM2734172v1_genomic.cleaned.fna,Mash_dist=0.0228 (Val vs Test)
test,GCA_027342645.1_ASM2734264v1_genomic.cleaned.fna,Mash_dist=0.0098 (Val vs Test)
test,GCA_027357025.1_ASM2735702v1_genomic.cleaned.fna,Mash_dist=0.0041 (Val vs Test)
test,GCA_027374335.1_ASM2737433v1_genomic.cleaned.fna,Mash_dist=0.0202 (Val vs Test)
test,GCA_027376155.1_ASM2737615v1_genomic.cleaned.fna,Mash_dist=0.0092 (Val vs Test)
test,GCA_027376175.1_ASM2737617v1_genomic.cleaned.fna,Mash_dist=0.0073 (Val vs Test)
test,GCA_027376195.1_ASM2737619v1_genomic.cleaned.fna,Mash_dist=0.0137 (Val vs Test)
test,GCA_027376305.1_ASM2737630v1_genomic.cleaned.fna,Mash_dist=0.0080 (Val vs Test)
test,GCA_027376335.1_ASM2737633v1_genomic.cleaned.fna,Mash_dist=0.0066 (Val vs Test)
test,GCA_027376345.1_ASM2737634v1_genomic.cleaned.fna,Mash_dist=0.0057 (Val vs Test)
test,GCA_027376375.1_ASM2737637v1_genomic.cleaned.fna,Mash_dist=0.0048 (Val vs Test)
test,GCA_027376815.1_ASM2737681v1_genomic.cleaned.fna,Mash_dist=0.0102 (Val vs Test)
test,GCA_027378855.1_ASM2737885v1_genomic.cleaned.fna,Mash_dist=0.0196 (Val vs Test)
test,GCA_027376875.1_ASM2737687v1_genomic.cleaned.fna,Mash_dist=0.0124 (Val vs Test)
test,GCA_027376895.1_ASM2737689v1_genomic.cleaned.fna,Mash_dist=0.0097 (Val vs Test)
test,GCA_027377015.1_ASM2737701v1_genomic.cleaned.fna,Mash_dist=0.0117 (Val vs Test)
test,GCA_027377075.1_ASM2737707v1_genomic.cleaned.fna,Mash_dist=0.0099 (Val vs Test)
test,GCA_027377095.1_ASM2737709v1_genomic.cleaned.fna,Mash_dist=0.0112 (Val vs Test)
test,GCA_027377125.1_ASM2737712v1_genomic.cleaned.fna,Mash_dist=0.0112 (Val vs Test)
test,GCA_027377155.1_ASM2737715v1_genomic.cleaned.fna,Mash_dist=0.0111 (Val vs Test)
test,GCA_027377215.1_ASM2737721v1_genomic.cleaned.fna,Mash_dist=0.0114 (Val vs Test)
test,GCA_027377345.1_ASM2737734v1_genomic.cleaned.fna,Mash_dist=0.0295 (Val vs Test)
test,GCA_027377395.1_ASM2737739v1_genomic.cleaned.fna,Mash_dist=0.0223 (Val vs Test)
test,GCA_027377445.1_ASM2737744v1_genomic.cleaned.fna,Mash_dist=0.0347 (Val vs Test)
test,GCA_027377575.1_ASM2737757v1_genomic.cleaned.fna,Mash_dist=0.0317 (Val vs Test)
test,GCA_027377595.1_ASM2737759v1_genomic.cleaned.fna,Mash_dist=0.0163 (Val vs Test)
test,GCA_027377615.1_ASM2737761v1_genomic.cleaned.fna,Mash_dist=0.0133 (Val vs Test)
test,GCA_027377625.1_ASM2737762v1_genomic.cleaned.fna,Mash_dist=0.0208 (Val vs Test)
test,GCA_027377755.1_ASM2737775v1_genomic.cleaned.fna,Mash_dist=0.0134 (Val vs Test)
test,GCA_027377775.1_ASM2737777v1_genomic.cleaned.fna,Mash_dist=0.0117 (Val vs Test)
test,GCA_027377815.1_ASM2737781v1_genomic.cleaned.fna,Mash_dist=0.0129 (Val vs Test)
test,GCA_027377945.1_ASM2737794v1_genomic.cleaned.fna,Mash_dist=0.0092 (Val vs Test)
test,GCA_027377975.1_ASM2737797v1_genomic.cleaned.fna,Mash_dist=0.0070 (Val vs Test)
test,GCA_027377985.1_ASM2737798v1_genomic.cleaned.fna,Mash_dist=0.0086 (Val vs Test)
test,GCA_027378015.1_ASM2737801v1_genomic.cleaned.fna,Mash_dist=0.0130 (Val vs Test)
test,GCA_027378035.1_ASM2737803v1_genomic.cleaned.fna,Mash_dist=0.0045 (Val vs Test)
test,GCA_027378115.1_ASM2737811v1_genomic.cleaned.fna,Mash_dist=0.0096 (Val vs Test)
test,GCA_027378155.1_ASM2737815v1_genomic.cleaned.fna,Mash_dist=0.0218 (Val vs Test)
test,GCA_027378175.1_ASM2737817v1_genomic.cleaned.fna,Mash_dist=0.0223 (Val vs Test)
test,GCA_027378185.1_ASM2737818v1_genomic.cleaned.fna,Mash_dist=0.0224 (Val vs Test)
test,GCA_027378195.1_ASM2737819v1_genomic.cleaned.fna,Mash_dist=0.0227 (Val vs Test)
test,GCA_027378375.1_ASM2737837v1_genomic.cleaned.fna,Mash_dist=0.0098 (Val vs Test)
test,GCA_027378385.1_ASM2737838v1_genomic.cleaned.fna,Mash_dist=0.0090 (Val vs Test)
test,GCA_027378405.1_ASM2737840v1_genomic.cleaned.fna,Mash_dist=0.0162 (Val vs Test)
test,GCA_027378435.1_ASM2737843v1_genomic.cleaned.fna,Mash_dist=0.0102 (Val vs Test)
test,GCA_027378495.1_ASM2737849v1_genomic.cleaned.fna,Mash_dist=0.0087 (Val vs Test)
test,GCA_027378535.1_ASM2737853v1_genomic.cleaned.fna,Mash_dist=0.0078 (Val vs Test)
test,GCA_027378635.1_ASM2737863v1_genomic.cleaned.fna,Mash_dist=0.0105 (Val vs Test)
test,GCA_027378655.1_ASM2737865v1_genomic.cleaned.fna,Mash_dist=0.0104 (Val vs Test)
test,GCA_027378695.1_ASM2737869v1_genomic.cleaned.fna,Mash_dist=0.0077 (Val vs Test)
test,GCA_027378795.1_ASM2737879v1_genomic.cleaned.fna,Mash_dist=0.0072 (Val vs Test)
test,GCA_027378875.1_ASM2737887v1_genomic.cleaned.fna,Mash_dist=0.0319 (Val vs Test)
test,GCA_027378975.1_ASM2737897v1_genomic.cleaned.fna,Mash_dist=0.0077 (Val vs Test)
test,GCA_027379085.1_ASM2737908v1_genomic.cleaned.fna,Mash_dist=0.0122 (Val vs Test)
test,GCA_027379135.1_ASM2737913v1_genomic.cleaned.fna,Mash_dist=0.0045 (Val vs Test)
test,GCA_027379155.1_ASM2737915v1_genomic.cleaned.fna,Mash_dist=0.0058 (Val vs Test)
test,GCA_027381795.1_ASM2738179v1_genomic.cleaned.fna,Mash_dist=0.0118 (Val vs Test)
test,GCA_027381835.1_ASM2738183v1_genomic.cleaned.fna,Mash_dist=0.0068 (Val vs Test)
test,GCA_027381875.1_ASM2738187v1_genomic.cleaned.fna,Mash_dist=0.0075 (Val vs Test)
test,GCA_027381895.1_ASM2738189v1_genomic.cleaned.fna,Mash_dist=0.0166 (Val vs Test)
test,GCA_027382035.1_ASM2738203v1_genomic.cleaned.fna,Mash_dist=0.0076 (Val vs Test)
test,GCA_027382085.1_ASM2738208v1_genomic.cleaned.fna,Mash_dist=0.0063 (Val vs Test)
test,GCA_027382155.1_ASM2738215v1_genomic.cleaned.fna,Mash_dist=0.0135 (Val vs Test)
test,GCA_027382195.1_ASM2738219v1_genomic.cleaned.fna,Mash_dist=0.0074 (Val vs Test)
test,GCA_027382255.1_ASM2738225v1_genomic.cleaned.fna,Mash_dist=0.0083 (Val vs Test)
test,GCA_027387185.1_ASM2738718v1_genomic.cleaned.fna,Mash_dist=0.0072 (Val vs Test)
test,GCA_027387275.1_ASM2738727v1_genomic.cleaned.fna,Mash_dist=0.0157 (Val vs Test)
test,GCA_027448145.1_ASM2744814v1_genomic.cleaned.fna,Mash_dist=0.0071 (Val vs Test)
test,GCA_027459185.1_ASM2745918v1_genomic.cleaned.fna,Mash_dist=0.0129 (Val vs Test)
test,GCA_027459225.1_ASM2745922v1_genomic.cleaned.fna,Mash_dist=0.0184 (Val vs Test)
test,GCA_027328795.1_ASM2732879v1_genomic.cleaned.fna,Mash_dist=0.0051 (Val vs Test)
test,GCA_027332405.1_ASM2733240v1_genomic.cleaned.fna,Mash_dist=0.0175 (Val vs Test)
test,GCA_027346415.1_ASM2734641v1_genomic.cleaned.fna,Mash_dist=0.0054 (Val vs Test)
test,GCA_027350045.1_ASM2735004v1_genomic.cleaned.fna,Mash_dist=0.0227 (Val vs Test)
test,GCA_027379375.1_ASM2737937v1_genomic.cleaned.fna,Mash_dist=0.0356 (Val vs Test)
test,GCA_027379395.1_ASM2737939v1_genomic.cleaned.fna,Mash_dist=0.0298 (Val vs Test)
test,GCA_023381155.1_ASM2338115v1_genomic.cleaned.fna,Mash_dist=0.0204 (Val vs Test)
test,GCA_023381215.1_ASM2338121v1_genomic.cleaned.fna,Mash_dist=0.0457 (Val vs Test)
test,GCA_023381255.1_ASM2338125v1_genomic.cleaned.fna,Mash_dist=0.0150 (Val vs Test)
test,GCA_023484575.1_ASM2348457v1_genomic.cleaned.fna,Mash_dist=0.0378 (Val vs Test)
test,GCA_027320145.1_ASM2732014v1_genomic.cleaned.fna,Mash_dist=0.0094 (Val vs Test)
test,GCA_027327245.1_ASM2732724v1_genomic.cleaned.fna,Mash_dist=0.0155 (Val vs Test)
test,GCA_027335305.1_ASM2733530v1_genomic.cleaned.fna,Mash_dist=0.0175 (Val vs Test)
test,GCA_027356865.1_ASM2735686v1_genomic.cleaned.fna,Mash_dist=0.0214 (Val vs Test)
test,GCA_027356945.1_ASM2735694v1_genomic.cleaned.fna,Mash_dist=0.0114 (Val vs Test)
test,GCA_027385945.1_ASM2738594v1_genomic.cleaned.fna,Mash_dist=0.0205 (Val vs Test)
test,GCA_027385975.1_ASM2738597v1_genomic.cleaned.fna,Mash_dist=0.0340 (Val vs Test)
test,GCA_027385995.1_ASM2738599v1_genomic.cleaned.fna,Mash_dist=0.0217 (Val vs Test)
test,GCA_027386015.1_ASM2738601v1_genomic.cleaned.fna,Mash_dist=0.0099 (Val vs Test)
test,GCA_027386075.1_ASM2738607v1_genomic.cleaned.fna,Mash_dist=0.0139 (Val vs Test)
test,GCA_027386135.1_ASM2738613v1_genomic.cleaned.fna,Mash_dist=0.0203 (Val vs Test)
test,GCA_027386155.1_ASM2738615v1_genomic.cleaned.fna,Mash_dist=0.0223 (Val vs Test)
test,GCA_027386195.1_ASM2738619v1_genomic.cleaned.fna,Mash_dist=0.0247 (Val vs Test)
test,GCA_027386325.1_ASM2738632v1_genomic.cleaned.fna,Mash_dist=0.0321 (Val vs Test)
test,GCA_027386355.1_ASM2738635v1_genomic.cleaned.fna,Mash_dist=0.0455 (Val vs Test)
test,GCA_027386375.1_ASM2738637v1_genomic.cleaned.fna,Mash_dist=0.0210 (Val vs Test)
test,GCA_027386385.1_ASM2738638v1_genomic.cleaned.fna,Mash_dist=0.0311 (Val vs Test)
test,GCA_027386415.1_ASM2738641v1_genomic.cleaned.fna,Mash_dist=0.0323 (Val vs Test)
test,GCA_027386425.1_ASM2738642v1_genomic.cleaned.fna,Mash_dist=0.0484 (Val vs Test)
test,GCA_027386455.1_ASM2738645v1_genomic.cleaned.fna,Mash_dist=0.0403 (Val vs Test)
test,GCA_027386495.1_ASM2738649v1_genomic.cleaned.fna,Mash_dist=0.0183 (Val vs Test)
test,GCA_027386515.1_ASM2738651v1_genomic.cleaned.fna,Mash_dist=0.0421 (Val vs Test)
test,GCA_027386525.1_ASM2738652v1_genomic.cleaned.fna,Mash_dist=0.0294 (Val vs Test)
test,GCA_027386555.1_ASM2738655v1_genomic.cleaned.fna,Mash_dist=0.0392 (Val vs Test)
test,GCA_027386575.1_ASM2738657v1_genomic.cleaned.fna,Mash_dist=0.0472 (Val vs Test)
test,GCA_027386615.1_ASM2738661v1_genomic.cleaned.fna,Mash_dist=0.0344 (Val vs Test)
test,GCA_027386635.1_ASM2738663v1_genomic.cleaned.fna,Mash_dist=0.0442 (Val vs Test)
test,GCA_027386665.1_ASM2738666v1_genomic.cleaned.fna,Mash_dist=0.0472 (Val vs Test)
test,GCA_027386865.1_ASM2738686v1_genomic.cleaned.fna,Mash_dist=0.0095 (Val vs Test)
test,GCA_027386985.1_ASM2738698v1_genomic.cleaned.fna,Mash_dist=0.0131 (Val vs Test)
test,GCA_027459145.1_ASM2745914v1_genomic.cleaned.fna,Mash_dist=0.0470 (Val vs Test)
test,GCA_027319785.1_ASM2731978v1_genomic.cleaned.fna,Mash_dist=0.0145 (Val vs Test)
test,GCA_023378805.1_ASM2337880v1_genomic.cleaned.fna,Mash_dist=0.0078 (Val vs Test)
test,GCA_023379145.1_ASM2337914v1_genomic.cleaned.fna,Mash_dist=0.0194 (Val vs Test)
test,GCA_023380435.1_ASM2338043v1_genomic.cleaned.fna,Mash_dist=0.0266 (Val vs Test)
test,GCA_023380555.1_ASM2338055v1_genomic.cleaned.fna,Mash_dist=0.0168 (Val vs Test)
test,GCA_023380975.1_ASM2338097v1_genomic.cleaned.fna,Mash_dist=0.0098 (Val vs Test)
test,GCA_023473925.1_ASM2347392v1_genomic.cleaned.fna,Mash_dist=0.0120 (Val vs Test)
test,GCA_023474575.1_ASM2347457v1_genomic.cleaned.fna,Mash_dist=0.0291 (Val vs Test)
test,GCA_023474765.1_ASM2347476v1_genomic.cleaned.fna,Mash_dist=0.0105 (Val vs Test)
test,GCA_023485775.1_ASM2348577v1_genomic.cleaned.fna,Mash_dist=0.0164 (Val vs Test)
test,GCA_027320125.1_ASM2732012v1_genomic.cleaned.fna,Mash_dist=0.0129 (Val vs Test)
test,GCA_027328445.1_ASM2732844v1_genomic.cleaned.fna,Mash_dist=0.0060 (Val vs Test)
test,GCA_027328605.1_ASM2732860v1_genomic.cleaned.fna,Mash_dist=0.0284 (Val vs Test)
test,GCA_027335275.1_ASM2733527v1_genomic.cleaned.fna,Mash_dist=0.0019 (Val vs Test)
test,GCA_027340425.1_ASM2734042v1_genomic.cleaned.fna,Mash_dist=0.0112 (Val vs Test)
test,GCA_027343305.1_ASM2734330v1_genomic.cleaned.fna,Mash_dist=0.0052 (Val vs Test)
test,GCA_027343705.1_ASM2734370v1_genomic.cleaned.fna,Mash_dist=0.0143 (Val vs Test)
test,GCA_027357005.1_ASM2735700v1_genomic.cleaned.fna,Mash_dist=0.0101 (Val vs Test)
test,GCA_027369925.1_ASM2736992v1_genomic.cleaned.fna,Mash_dist=0.0062 (Val vs Test)
test,GCA_027369975.1_ASM2736997v1_genomic.cleaned.fna,Mash_dist=0.0156 (Val vs Test)
test,GCA_027369995.1_ASM2736999v1_genomic.cleaned.fna,Mash_dist=0.0114 (Val vs Test)
test,GCA_027370025.1_ASM2737002v1_genomic.cleaned.fna,Mash_dist=0.0078 (Val vs Test)
test,GCA_027370055.1_ASM2737005v1_genomic.cleaned.fna,Mash_dist=0.0161 (Val vs Test)
test,GCA_027370345.1_ASM2737034v1_genomic.cleaned.fna,Mash_dist=0.0021 (Val vs Test)
test,GCA_027370375.1_ASM2737037v1_genomic.cleaned.fna,Mash_dist=0.0026 (Val vs Test)
test,GCA_027370385.1_ASM2737038v1_genomic.cleaned.fna,Mash_dist=0.0071 (Val vs Test)
test,GCA_027370475.1_ASM2737047v1_genomic.cleaned.fna,Mash_dist=0.0089 (Val vs Test)
test,GCA_027370575.1_ASM2737057v1_genomic.cleaned.fna,Mash_dist=0.0086 (Val vs Test)
test,GCA_027370625.1_ASM2737062v1_genomic.cleaned.fna,Mash_dist=0.0124 (Val vs Test)
test,GCA_027370635.1_ASM2737063v1_genomic.cleaned.fna,Mash_dist=0.0148 (Val vs Test)
test,GCA_027370655.1_ASM2737065v1_genomic.cleaned.fna,Mash_dist=0.0080 (Val vs Test)
test,GCA_027370695.1_ASM2737069v1_genomic.cleaned.fna,Mash_dist=0.0216 (Val vs Test)
test,GCA_027370735.1_ASM2737073v1_genomic.cleaned.fna,Mash_dist=0.0067 (Val vs Test)
test,GCA_027370745.1_ASM2737074v1_genomic.cleaned.fna,Mash_dist=0.0095 (Val vs Test)
test,GCA_027371095.1_ASM2737109v1_genomic.cleaned.fna,Mash_dist=0.0100 (Val vs Test)
test,GCA_027371115.1_ASM2737111v1_genomic.cleaned.fna,Mash_dist=0.0104 (Val vs Test)
test,GCA_027371155.1_ASM2737115v1_genomic.cleaned.fna,Mash_dist=0.0256 (Val vs Test)
test,GCA_027371175.1_ASM2737117v1_genomic.cleaned.fna,Mash_dist=0.0117 (Val vs Test)
test,GCA_027371235.1_ASM2737123v1_genomic.cleaned.fna,Mash_dist=0.0138 (Val vs Test)
test,GCA_027371295.1_ASM2737129v1_genomic.cleaned.fna,Mash_dist=0.0254 (Val vs Test)
test,GCA_027371335.1_ASM2737133v1_genomic.cleaned.fna,Mash_dist=0.0288 (Val vs Test)
test,GCA_027374815.1_ASM2737481v1_genomic.cleaned.fna,Mash_dist=0.0149 (Val vs Test)
test,GCA_027374865.1_ASM2737486v1_genomic.cleaned.fna,Mash_dist=0.0080 (Val vs Test)
test,GCA_027374965.1_ASM2737496v1_genomic.cleaned.fna,Mash_dist=0.0173 (Val vs Test)
test,GCA_027374975.1_ASM2737497v1_genomic.cleaned.fna,Mash_dist=0.0083 (Val vs Test)
test,GCA_027448405.1_ASM2744840v1_genomic.cleaned.fna,Mash_dist=0.0064 (Val vs Test)
test,GCA_027448445.1_ASM2744844v1_genomic.cleaned.fna,Mash_dist=0.0111 (Val vs Test)
test,GCA_028283385.1_ASM2828338v1_genomic.cleaned.fna,Mash_dist=0.0366 (Val vs Test)
test,GCA_027329515.1_ASM2732951v1_genomic.cleaned.fna,Mash_dist=0.0119 (Val vs Test)
test,GCA_027314425.1_ASM2731442v1_genomic.cleaned.fna,Mash_dist=0.0240 (Val vs Test)
test,GCA_027319065.1_ASM2731906v1_genomic.cleaned.fna,Mash_dist=0.0091 (Val vs Test)
test,GCA_027319135.1_ASM2731913v1_genomic.cleaned.fna,Mash_dist=0.0051 (Val vs Test)
test,GCA_027319875.1_ASM2731987v1_genomic.cleaned.fna,Mash_dist=0.0118 (Val vs Test)
test,GCA_027319905.1_ASM2731990v1_genomic.cleaned.fna,Mash_dist=0.0130 (Val vs Test)
test,GCA_027319935.1_ASM2731993v1_genomic.cleaned.fna,Mash_dist=0.0040 (Val vs Test)
test,GCA_027320925.1_ASM2732092v1_genomic.cleaned.fna,Mash_dist=0.0082 (Val vs Test)
test,GCA_027322085.1_ASM2732208v1_genomic.cleaned.fna,Mash_dist=0.0299 (Val vs Test)
test,GCA_027323125.1_ASM2732312v1_genomic.cleaned.fna,Mash_dist=0.0438 (Val vs Test)
test,GCA_027324605.1_ASM2732460v1_genomic.cleaned.fna,Mash_dist=0.0045 (Val vs Test)
test,GCA_027329105.1_ASM2732910v1_genomic.cleaned.fna,Mash_dist=0.0105 (Val vs Test)
test,GCA_027329185.1_ASM2732918v1_genomic.cleaned.fna,Mash_dist=0.0099 (Val vs Test)
test,GCA_027329205.1_ASM2732920v1_genomic.cleaned.fna,Mash_dist=0.0110 (Val vs Test)
test,GCA_027329225.1_ASM2732922v1_genomic.cleaned.fna,Mash_dist=0.0122 (Val vs Test)
test,GCA_027329245.1_ASM2732924v1_genomic.cleaned.fna,Mash_dist=0.0133 (Val vs Test)
test,GCA_027329255.1_ASM2732925v1_genomic.cleaned.fna,Mash_dist=0.0083 (Val vs Test)
test,GCA_027329305.1_ASM2732930v1_genomic.cleaned.fna,Mash_dist=0.0071 (Val vs Test)
test,GCA_027329645.1_ASM2732964v1_genomic.cleaned.fna,Mash_dist=0.0230 (Val vs Test)
test,GCA_027333945.1_ASM2733394v1_genomic.cleaned.fna,Mash_dist=0.0163 (Val vs Test)
test,GCA_027329665.1_ASM2732966v1_genomic.cleaned.fna,Mash_dist=0.0129 (Val vs Test)
test,GCA_027329725.1_ASM2732972v1_genomic.cleaned.fna,Mash_dist=0.0245 (Val vs Test)
test,GCA_027329765.1_ASM2732976v1_genomic.cleaned.fna,Mash_dist=0.0118 (Val vs Test)
test,GCA_027329785.1_ASM2732978v1_genomic.cleaned.fna,Mash_dist=0.0153 (Val vs Test)
test,GCA_027330045.1_ASM2733004v1_genomic.cleaned.fna,Mash_dist=0.0100 (Val vs Test)
test,GCA_027330065.1_ASM2733006v1_genomic.cleaned.fna,Mash_dist=0.0123 (Val vs Test)
test,GCA_027330185.1_ASM2733018v1_genomic.cleaned.fna,Mash_dist=0.0129 (Val vs Test)
test,GCA_027330205.1_ASM2733020v1_genomic.cleaned.fna,Mash_dist=0.0462 (Val vs Test)
test,GCA_027330225.1_ASM2733022v1_genomic.cleaned.fna,Mash_dist=0.0467 (Val vs Test)
test,GCA_027330265.1_ASM2733026v1_genomic.cleaned.fna,Mash_dist=0.0479 (Val vs Test)
test,GCA_027330275.1_ASM2733027v1_genomic.cleaned.fna,Mash_dist=0.0395 (Val vs Test)
test,GCA_027331425.1_ASM2733142v1_genomic.cleaned.fna,Mash_dist=0.0045 (Val vs Test)
test,GCA_027331565.1_ASM2733156v1_genomic.cleaned.fna,Mash_dist=0.0080 (Val vs Test)
test,GCA_027332385.1_ASM2733238v1_genomic.cleaned.fna,Mash_dist=0.0119 (Val vs Test)
test,GCA_027332445.1_ASM2733244v1_genomic.cleaned.fna,Mash_dist=0.0103 (Val vs Test)
test,GCA_027332465.1_ASM2733246v1_genomic.cleaned.fna,Mash_dist=0.0039 (Val vs Test)
test,GCA_027332495.1_ASM2733249v1_genomic.cleaned.fna,Mash_dist=0.0075 (Val vs Test)
test,GCA_027332525.1_ASM2733252v1_genomic.cleaned.fna,Mash_dist=0.0061 (Val vs Test)
test,GCA_027332545.1_ASM2733254v1_genomic.cleaned.fna,Mash_dist=0.0036 (Val vs Test)
test,GCA_027332605.1_ASM2733260v1_genomic.cleaned.fna,Mash_dist=0.0213 (Val vs Test)
test,GCA_027332625.1_ASM2733262v1_genomic.cleaned.fna,Mash_dist=0.0447 (Val vs Test)
test,GCA_027332675.1_ASM2733267v1_genomic.cleaned.fna,Mash_dist=0.0294 (Val vs Test)
test,GCA_027332855.1_ASM2733285v1_genomic.cleaned.fna,Mash_dist=0.0386 (Val vs Test)
test,GCA_027332905.1_ASM2733290v1_genomic.cleaned.fna,Mash_dist=0.0460 (Val vs Test)
test,GCA_027333055.1_ASM2733305v1_genomic.cleaned.fna,Mash_dist=0.0104 (Val vs Test)
test,GCA_027333105.1_ASM2733310v1_genomic.cleaned.fna,Mash_dist=0.0099 (Val vs Test)
test,GCA_027333145.1_ASM2733314v1_genomic.cleaned.fna,Mash_dist=0.0132 (Val vs Test)
test,GCA_027333315.1_ASM2733331v1_genomic.cleaned.fna,Mash_dist=0.0065 (Val vs Test)
test,GCA_027333775.1_ASM2733377v1_genomic.cleaned.fna,Mash_dist=0.0477 (Val vs Test)
test,GCA_027333805.1_ASM2733380v1_genomic.cleaned.fna,Mash_dist=0.0248 (Val vs Test)
test,GCA_027333865.1_ASM2733386v1_genomic.cleaned.fna,Mash_dist=0.0219 (Val vs Test)
test,GCA_027333915.1_ASM2733391v1_genomic.cleaned.fna,Mash_dist=0.0146 (Val vs Test)
test,GCA_027333985.1_ASM2733398v1_genomic.cleaned.fna,Mash_dist=0.0164 (Val vs Test)
test,GCA_027351715.1_ASM2735171v1_genomic.cleaned.fna,Mash_dist=0.0180 (Val vs Test)
test,GCA_027334535.1_ASM2733453v1_genomic.cleaned.fna,Mash_dist=0.0037 (Val vs Test)
test,GCA_027334935.1_ASM2733493v1_genomic.cleaned.fna,Mash_dist=0.0106 (Val vs Test)
test,GCA_027336305.1_ASM2733630v1_genomic.cleaned.fna,Mash_dist=0.0446 (Val vs Test)
test,GCA_027336885.1_ASM2733688v1_genomic.cleaned.fna,Mash_dist=0.0156 (Val vs Test)
test,GCA_027336915.1_ASM2733691v1_genomic.cleaned.fna,Mash_dist=0.0361 (Val vs Test)
test,GCA_027336985.1_ASM2733698v1_genomic.cleaned.fna,Mash_dist=0.0149 (Val vs Test)
test,GCA_027337585.1_ASM2733758v1_genomic.cleaned.fna,Mash_dist=0.0187 (Val vs Test)
test,GCA_027338105.1_ASM2733810v1_genomic.cleaned.fna,Mash_dist=0.0064 (Val vs Test)
test,GCA_027338505.1_ASM2733850v1_genomic.cleaned.fna,Mash_dist=0.0230 (Val vs Test)
test,GCA_027338545.1_ASM2733854v1_genomic.cleaned.fna,Mash_dist=0.0240 (Val vs Test)
test,GCA_027338585.1_ASM2733858v1_genomic.cleaned.fna,Mash_dist=0.0079 (Val vs Test)
test,GCA_027340785.1_ASM2734078v1_genomic.cleaned.fna,Mash_dist=0.0328 (Val vs Test)
test,GCA_027342585.1_ASM2734258v1_genomic.cleaned.fna,Mash_dist=0.0059 (Val vs Test)
test,GCA_027342905.1_ASM2734290v1_genomic.cleaned.fna,Mash_dist=0.0328 (Val vs Test)
test,GCA_027346555.1_ASM2734655v1_genomic.cleaned.fna,Mash_dist=0.0083 (Val vs Test)
test,GCA_027348265.1_ASM2734826v1_genomic.cleaned.fna,Mash_dist=0.0041 (Val vs Test)
test,GCA_027351665.1_ASM2735166v1_genomic.cleaned.fna,Mash_dist=0.0131 (Val vs Test)
test,GCA_027351745.1_ASM2735174v1_genomic.cleaned.fna,Mash_dist=0.0098 (Val vs Test)
test,GCA_027448885.1_ASM2744888v1_genomic.cleaned.fna,Mash_dist=0.0139 (Val vs Test)
test,GCA_027351785.1_ASM2735178v1_genomic.cleaned.fna,Mash_dist=0.0097 (Val vs Test)
test,GCA_027351845.1_ASM2735184v1_genomic.cleaned.fna,Mash_dist=0.0069 (Val vs Test)
test,GCA_027351865.1_ASM2735186v1_genomic.cleaned.fna,Mash_dist=0.0058 (Val vs Test)
test,GCA_027351885.1_ASM2735188v1_genomic.cleaned.fna,Mash_dist=0.0085 (Val vs Test)
test,GCA_027353885.1_ASM2735388v1_genomic.cleaned.fna,Mash_dist=0.0086 (Val vs Test)
test,GCA_027353945.1_ASM2735394v1_genomic.cleaned.fna,Mash_dist=0.0308 (Val vs Test)
test,GCA_027354345.1_ASM2735434v1_genomic.cleaned.fna,Mash_dist=0.0200 (Val vs Test)
test,GCA_027354455.1_ASM2735445v1_genomic.cleaned.fna,Mash_dist=0.0122 (Val vs Test)
test,GCA_027354545.1_ASM2735454v1_genomic.cleaned.fna,Mash_dist=0.0104 (Val vs Test)
test,GCA_027354775.1_ASM2735477v1_genomic.cleaned.fna,Mash_dist=0.0106 (Val vs Test)
test,GCA_027355015.1_ASM2735501v1_genomic.cleaned.fna,Mash_dist=0.0095 (Val vs Test)
test,GCA_027355455.1_ASM2735545v1_genomic.cleaned.fna,Mash_dist=0.0178 (Val vs Test)
test,GCA_027363005.1_ASM2736300v1_genomic.cleaned.fna,Mash_dist=0.0163 (Val vs Test)
test,GCA_027363155.1_ASM2736315v1_genomic.cleaned.fna,Mash_dist=0.0079 (Val vs Test)
test,GCA_027363195.1_ASM2736319v1_genomic.cleaned.fna,Mash_dist=0.0079 (Val vs Test)
test,GCA_027363215.1_ASM2736321v1_genomic.cleaned.fna,Mash_dist=0.0054 (Val vs Test)
test,GCA_027363255.1_ASM2736325v1_genomic.cleaned.fna,Mash_dist=0.0073 (Val vs Test)
test,GCA_027363285.1_ASM2736328v1_genomic.cleaned.fna,Mash_dist=0.0102 (Val vs Test)
test,GCA_027363475.1_ASM2736347v1_genomic.cleaned.fna,Mash_dist=0.0410 (Val vs Test)
test,GCA_027363495.1_ASM2736349v1_genomic.cleaned.fna,Mash_dist=0.0388 (Val vs Test)
test,GCA_027363925.1_ASM2736392v1_genomic.cleaned.fna,Mash_dist=0.0199 (Val vs Test)
test,GCA_027364255.1_ASM2736425v1_genomic.cleaned.fna,Mash_dist=0.0083 (Val vs Test)
test,GCA_027364455.1_ASM2736445v1_genomic.cleaned.fna,Mash_dist=0.0040 (Val vs Test)
test,GCA_027364515.1_ASM2736451v1_genomic.cleaned.fna,Mash_dist=0.0065 (Val vs Test)
test,GCA_027372115.1_ASM2737211v1_genomic.cleaned.fna,Mash_dist=0.0030 (Val vs Test)
test,GCA_027448525.1_ASM2744852v1_genomic.cleaned.fna,Mash_dist=0.0252 (Val vs Test)
test,GCA_027448565.1_ASM2744856v1_genomic.cleaned.fna,Mash_dist=0.0289 (Val vs Test)
test,GCA_026127885.1_ASM2612788v1_genomic.cleaned.fna,Mash_dist=0.0475 (Val vs Test)
test,GCA_027314205.1_ASM2731420v1_genomic.cleaned.fna,Mash_dist=0.0208 (Val vs Test)
test,GCA_027314225.1_ASM2731422v1_genomic.cleaned.fna,Mash_dist=0.0121 (Val vs Test)
test,GCA_027314245.1_ASM2731424v1_genomic.cleaned.fna,Mash_dist=0.0489 (Val vs Test)
test,GCA_027314285.1_ASM2731428v1_genomic.cleaned.fna,Mash_dist=0.0498 (Val vs Test)
test,GCA_027380625.1_ASM2738062v1_genomic.cleaned.fna,Mash_dist=0.0068 (Val vs Test)
test,GCA_027320705.1_ASM2732070v1_genomic.cleaned.fna,Mash_dist=0.0096 (Val vs Test)
test,GCA_027328125.1_ASM2732812v1_genomic.cleaned.fna,Mash_dist=0.0447 (Val vs Test)
test,GCA_027328585.1_ASM2732858v1_genomic.cleaned.fna,Mash_dist=0.0178 (Val vs Test)
test,GCA_027330885.1_ASM2733088v1_genomic.cleaned.fna,Mash_dist=0.0131 (Val vs Test)
test,GCA_027331275.1_ASM2733127v1_genomic.cleaned.fna,Mash_dist=0.0047 (Val vs Test)
test,GCA_027331605.1_ASM2733160v1_genomic.cleaned.fna,Mash_dist=0.0360 (Val vs Test)
test,GCA_027367445.1_ASM2736744v1_genomic.cleaned.fna,Mash_dist=0.0122 (Val vs Test)
test,GCA_027367455.1_ASM2736745v1_genomic.cleaned.fna,Mash_dist=0.0205 (Val vs Test)
test,GCA_027367495.1_ASM2736749v1_genomic.cleaned.fna,Mash_dist=0.0226 (Val vs Test)
test,GCA_027367505.1_ASM2736750v1_genomic.cleaned.fna,Mash_dist=0.0114 (Val vs Test)
test,GCA_027367735.1_ASM2736773v1_genomic.cleaned.fna,Mash_dist=0.0193 (Val vs Test)
test,GCA_027367875.1_ASM2736787v1_genomic.cleaned.fna,Mash_dist=0.0107 (Val vs Test)
test,GCA_027367885.1_ASM2736788v1_genomic.cleaned.fna,Mash_dist=0.0101 (Val vs Test)
test,GCA_027368025.1_ASM2736802v1_genomic.cleaned.fna,Mash_dist=0.0315 (Val vs Test)
test,GCA_027368785.1_ASM2736878v1_genomic.cleaned.fna,Mash_dist=0.0447 (Val vs Test)
test,GCA_027368935.1_ASM2736893v1_genomic.cleaned.fna,Mash_dist=0.0346 (Val vs Test)
test,GCA_027368945.1_ASM2736894v1_genomic.cleaned.fna,Mash_dist=0.0383 (Val vs Test)
test,GCA_027368955.1_ASM2736895v1_genomic.cleaned.fna,Mash_dist=0.0472 (Val vs Test)
test,GCA_027369015.1_ASM2736901v1_genomic.cleaned.fna,Mash_dist=0.0360 (Val vs Test)
test,GCA_027369035.1_ASM2736903v1_genomic.cleaned.fna,Mash_dist=0.0101 (Val vs Test)
test,GCA_027369085.1_ASM2736908v1_genomic.cleaned.fna,Mash_dist=0.0083 (Val vs Test)
test,GCA_027369155.1_ASM2736915v1_genomic.cleaned.fna,Mash_dist=0.0223 (Val vs Test)
test,GCA_027372915.1_ASM2737291v1_genomic.cleaned.fna,Mash_dist=0.0298 (Val vs Test)
test,GCA_027373835.1_ASM2737383v1_genomic.cleaned.fna,Mash_dist=0.0277 (Val vs Test)
test,GCA_027373855.1_ASM2737385v1_genomic.cleaned.fna,Mash_dist=0.0076 (Val vs Test)
test,GCA_027373875.1_ASM2737387v1_genomic.cleaned.fna,Mash_dist=0.0064 (Val vs Test)
test,GCA_027379725.1_ASM2737972v1_genomic.cleaned.fna,Mash_dist=0.0218 (Val vs Test)
test,GCA_027379955.1_ASM2737995v1_genomic.cleaned.fna,Mash_dist=0.0057 (Val vs Test)
test,GCA_027380785.1_ASM2738078v1_genomic.cleaned.fna,Mash_dist=0.0277 (Val vs Test)
test,GCA_027380845.1_ASM2738084v1_genomic.cleaned.fna,Mash_dist=0.0142 (Val vs Test)
test,GCA_027380915.1_ASM2738091v1_genomic.cleaned.fna,Mash_dist=0.0088 (Val vs Test)
test,GCA_027381065.1_ASM2738106v1_genomic.cleaned.fna,Mash_dist=0.0237 (Val vs Test)
test,GCA_027381095.1_ASM2738109v1_genomic.cleaned.fna,Mash_dist=0.0233 (Val vs Test)
test,GCA_027381275.1_ASM2738127v1_genomic.cleaned.fna,Mash_dist=0.0419 (Val vs Test)
test,GCA_027381665.1_ASM2738166v1_genomic.cleaned.fna,Mash_dist=0.0119 (Val vs Test)
test,GCA_027448225.1_ASM2744822v1_genomic.cleaned.fna,Mash_dist=0.0096 (Val vs Test)
test,GCA_027448365.1_ASM2744836v1_genomic.cleaned.fna,Mash_dist=0.0083 (Val vs Test)
test,GCA_028063715.1_ASM2806371v1_genomic.cleaned.fna,Mash_dist=0.0168 (Val vs Test)
test,GCA_028065075.1_ASM2806507v1_genomic.cleaned.fna,Mash_dist=0.0297 (Val vs Test)
test,GCA_027347505.1_ASM2734750v1_genomic.cleaned.fna,Mash_dist=0.0136 (Val vs Test)
test,GCA_027386975.1_ASM2738697v1_genomic.cleaned.fna,Mash_dist=0.0324 (Val vs Test)
test,GCA_027344325.1_ASM2734432v1_genomic.cleaned.fna,Mash_dist=0.0143 (Val vs Test)
test,GCA_027372615.1_ASM2737261v1_genomic.cleaned.fna,Mash_dist=0.0480 (Val vs Test)
test,GCA_027375775.1_ASM2737577v1_genomic.cleaned.fna,Mash_dist=0.0123 (Val vs Test)
test,GCA_027376095.1_ASM2737609v1_genomic.cleaned.fna,Mash_dist=0.0180 (Val vs Test)
test,GCA_023379855.1_ASM2337985v1_genomic.cleaned.fna,Mash_dist=0.0489 (Val vs Test)
test,GCA_023379165.1_ASM2337916v1_genomic.cleaned.fna,Mash_dist=0.0159 (Val vs Test)
test,GCA_023379225.1_ASM2337922v1_genomic.cleaned.fna,Mash_dist=0.0246 (Val vs Test)
test,GCA_023379235.1_ASM2337923v1_genomic.cleaned.fna,Mash_dist=0.0174 (Val vs Test)
test,GCA_023379345.1_ASM2337934v1_genomic.cleaned.fna,Mash_dist=0.0398 (Val vs Test)
test,GCA_023379385.1_ASM2337938v1_genomic.cleaned.fna,Mash_dist=0.0065 (Val vs Test)
test,GCA_023379405.1_ASM2337940v1_genomic.cleaned.fna,Mash_dist=0.0075 (Val vs Test)
test,GCA_023379435.1_ASM2337943v1_genomic.cleaned.fna,Mash_dist=0.0411 (Val vs Test)
test,GCA_023379545.1_ASM2337954v1_genomic.cleaned.fna,Mash_dist=0.0122 (Val vs Test)
test,GCA_023379555.1_ASM2337955v1_genomic.cleaned.fna,Mash_dist=0.0462 (Val vs Test)
test,GCA_023379825.1_ASM2337982v1_genomic.cleaned.fna,Mash_dist=0.0207 (Val vs Test)
test,GCA_023379875.1_ASM2337987v1_genomic.cleaned.fna,Mash_dist=0.0350 (Val vs Test)
test,GCA_023487875.1_ASM2348787v1_genomic.cleaned.fna,Mash_dist=0.0041 (Val vs Test)
test,GCA_023379905.1_ASM2337990v1_genomic.cleaned.fna,Mash_dist=0.0193 (Val vs Test)
test,GCA_023379925.1_ASM2337992v1_genomic.cleaned.fna,Mash_dist=0.0484 (Val vs Test)
test,GCA_023380375.1_ASM2338037v1_genomic.cleaned.fna,Mash_dist=0.0330 (Val vs Test)
test,GCA_023381055.1_ASM2338105v1_genomic.cleaned.fna,Mash_dist=0.0299 (Val vs Test)
test,GCA_023381075.1_ASM2338107v1_genomic.cleaned.fna,Mash_dist=0.0144 (Val vs Test)
test,GCA_023381175.1_ASM2338117v1_genomic.cleaned.fna,Mash_dist=0.0120 (Val vs Test)
test,GCA_023381275.1_ASM2338127v1_genomic.cleaned.fna,Mash_dist=0.0321 (Val vs Test)
test,GCA_023381295.1_ASM2338129v1_genomic.cleaned.fna,Mash_dist=0.0036 (Val vs Test)
test,GCA_023381315.1_ASM2338131v1_genomic.cleaned.fna,Mash_dist=0.0458 (Val vs Test)
test,GCA_023381355.1_ASM2338135v1_genomic.cleaned.fna,Mash_dist=0.0468 (Val vs Test)
test,GCA_023381375.1_ASM2338137v1_genomic.cleaned.fna,Mash_dist=0.0416 (Val vs Test)
test,GCA_023381395.1_ASM2338139v1_genomic.cleaned.fna,Mash_dist=0.0164 (Val vs Test)
test,GCA_023381415.1_ASM2338141v1_genomic.cleaned.fna,Mash_dist=0.0160 (Val vs Test)
test,GCA_023484115.1_ASM2348411v1_genomic.cleaned.fna,Mash_dist=0.0310 (Val vs Test)
test,GCA_023484505.1_ASM2348450v1_genomic.cleaned.fna,Mash_dist=0.0435 (Val vs Test)
test,GCA_023484565.1_ASM2348456v1_genomic.cleaned.fna,Mash_dist=0.0344 (Val vs Test)
test,GCA_023484805.1_ASM2348480v1_genomic.cleaned.fna,Mash_dist=0.0205 (Val vs Test)
test,GCA_023484925.1_ASM2348492v1_genomic.cleaned.fna,Mash_dist=0.0300 (Val vs Test)
test,GCA_023485025.1_ASM2348502v1_genomic.cleaned.fna,Mash_dist=0.0338 (Val vs Test)
test,GCA_023485145.1_ASM2348514v1_genomic.cleaned.fna,Mash_dist=0.0377 (Val vs Test)
test,GCA_023487205.1_ASM2348720v1_genomic.cleaned.fna,Mash_dist=0.0128 (Val vs Test)
test,GCA_023487405.1_ASM2348740v1_genomic.cleaned.fna,Mash_dist=0.0114 (Val vs Test)
test,GCA_023487425.1_ASM2348742v1_genomic.cleaned.fna,Mash_dist=0.0435 (Val vs Test)
test,GCA_023487675.1_ASM2348767v1_genomic.cleaned.fna,Mash_dist=0.0192 (Val vs Test)
test,GCA_023487775.1_ASM2348777v1_genomic.cleaned.fna,Mash_dist=0.0164 (Val vs Test)
test,GCA_023488375.1_ASM2348837v1_genomic.cleaned.fna,Mash_dist=0.0205 (Val vs Test)
test,GCA_023488425.1_ASM2348842v1_genomic.cleaned.fna,Mash_dist=0.0254 (Val vs Test)
test,GCA_023488625.1_ASM2348862v1_genomic.cleaned.fna,Mash_dist=0.0262 (Val vs Test)
test,GCA_023488885.1_ASM2348888v1_genomic.cleaned.fna,Mash_dist=0.0209 (Val vs Test)
test,GCA_023489035.1_ASM2348903v1_genomic.cleaned.fna,Mash_dist=0.0073 (Val vs Test)
test,GCA_023489105.1_ASM2348910v1_genomic.cleaned.fna,Mash_dist=0.0128 (Val vs Test)
test,GCA_023489265.1_ASM2348926v1_genomic.cleaned.fna,Mash_dist=0.0491 (Val vs Test)
test,GCA_023489435.1_ASM2348943v1_genomic.cleaned.fna,Mash_dist=0.0410 (Val vs Test)
test,GCA_023378925.1_ASM2337892v1_genomic.cleaned.fna,Mash_dist=0.0052 (Val vs Test)
test,GCA_023378945.1_ASM2337894v1_genomic.cleaned.fna,Mash_dist=0.0113 (Val vs Test)
test,GCA_023379095.1_ASM2337909v1_genomic.cleaned.fna,Mash_dist=0.0133 (Val vs Test)
test,GCA_023379585.1_ASM2337958v1_genomic.cleaned.fna,Mash_dist=0.0404 (Val vs Test)
test,GCA_023380735.1_ASM2338073v1_genomic.cleaned.fna,Mash_dist=0.0194 (Val vs Test)
test,GCA_023380775.1_ASM2338077v1_genomic.cleaned.fna,Mash_dist=0.0038 (Val vs Test)
test,GCA_023380795.1_ASM2338079v1_genomic.cleaned.fna,Mash_dist=0.0320 (Val vs Test)
test,GCA_023380835.1_ASM2338083v1_genomic.cleaned.fna,Mash_dist=0.0085 (Val vs Test)
test,GCA_023473255.1_ASM2347325v1_genomic.cleaned.fna,Mash_dist=0.0475 (Val vs Test)
test,GCA_023473385.1_ASM2347338v1_genomic.cleaned.fna,Mash_dist=0.0109 (Val vs Test)
test,GCA_023473505.1_ASM2347350v1_genomic.cleaned.fna,Mash_dist=0.0135 (Val vs Test)
test,GCA_023473605.1_ASM2347360v1_genomic.cleaned.fna,Mash_dist=0.0291 (Val vs Test)
test,GCA_023473805.1_ASM2347380v1_genomic.cleaned.fna,Mash_dist=0.0268 (Val vs Test)
test,GCA_023474005.1_ASM2347400v1_genomic.cleaned.fna,Mash_dist=0.0055 (Val vs Test)
test,GCA_023474585.1_ASM2347458v1_genomic.cleaned.fna,Mash_dist=0.0327 (Val vs Test)
test,GCA_023480625.1_ASM2348062v1_genomic.cleaned.fna,Mash_dist=0.0489 (Val vs Test)
test,GCA_023484875.1_ASM2348487v1_genomic.cleaned.fna,Mash_dist=0.0246 (Val vs Test)
test,GCA_023485065.1_ASM2348506v1_genomic.cleaned.fna,Mash_dist=0.0064 (Val vs Test)
test,GCA_023485365.1_ASM2348536v1_genomic.cleaned.fna,Mash_dist=0.0365 (Val vs Test)
test,GCA_023485525.1_ASM2348552v1_genomic.cleaned.fna,Mash_dist=0.0068 (Val vs Test)
test,GCA_023485545.1_ASM2348554v1_genomic.cleaned.fna,Mash_dist=0.0189 (Val vs Test)
test,GCA_023485745.1_ASM2348574v1_genomic.cleaned.fna,Mash_dist=0.0427 (Val vs Test)
test,GCA_023485875.1_ASM2348587v1_genomic.cleaned.fna,Mash_dist=0.0076 (Val vs Test)
test,GCA_027340745.1_ASM2734074v1_genomic.cleaned.fna,Mash_dist=0.0047 (Val vs Test)
test,GCA_027357665.1_ASM2735766v1_genomic.cleaned.fna,Mash_dist=0.0021 (Val vs Test)
test,GCA_027385805.1_ASM2738580v1_genomic.cleaned.fna,Mash_dist=0.0022 (Val vs Test)
test,GCA_027385835.1_ASM2738583v1_genomic.cleaned.fna,Mash_dist=0.0074 (Val vs Test)
test,GCA_027385845.1_ASM2738584v1_genomic.cleaned.fna,Mash_dist=0.0064 (Val vs Test)
test,GCA_027385875.1_ASM2738587v1_genomic.cleaned.fna,Mash_dist=0.0025 (Val vs Test)
test,GCA_027385915.1_ASM2738591v1_genomic.cleaned.fna,Mash_dist=0.0113 (Val vs Test)
test,GCA_027375335.1_ASM2737533v1_genomic.cleaned.fna,Mash_dist=0.0439 (Val vs Test)
test,GCA_027319005.1_ASM2731900v1_genomic.cleaned.fna,Mash_dist=0.0111 (Val vs Test)
test,GCA_027373155.1_ASM2737315v1_genomic.cleaned.fna,Mash_dist=0.0115 (Val vs Test)
test,GCA_027333215.1_ASM2733321v1_genomic.cleaned.fna,Mash_dist=0.0169 (Val vs Test)
test,GCA_027333265.1_ASM2733326v1_genomic.cleaned.fna,Mash_dist=0.0269 (Val vs Test)
test,GCA_027333275.1_ASM2733327v1_genomic.cleaned.fna,Mash_dist=0.0170 (Val vs Test)
test,GCA_027333305.1_ASM2733330v1_genomic.cleaned.fna,Mash_dist=0.0229 (Val vs Test)
test,GCA_027333335.1_ASM2733333v1_genomic.cleaned.fna,Mash_dist=0.0174 (Val vs Test)
test,GCA_027337045.1_ASM2733704v1_genomic.cleaned.fna,Mash_dist=0.0116 (Val vs Test)
test,GCA_027353845.1_ASM2735384v1_genomic.cleaned.fna,Mash_dist=0.0075 (Val vs Test)
test,GCA_027356965.1_ASM2735696v1_genomic.cleaned.fna,Mash_dist=0.0105 (Val vs Test)
test,GCA_023252475.1_ASM2325247v1_genomic.cleaned.fna,Mash_dist=0.0077 (Val vs Test)
test,GCA_023252525.1_ASM2325252v1_genomic.cleaned.fna,Mash_dist=0.0046 (Val vs Test)
test,GCA_023252555.1_ASM2325255v1_genomic.cleaned.fna,Mash_dist=0.0047 (Val vs Test)
test,GCA_023252655.1_ASM2325265v1_genomic.cleaned.fna,Mash_dist=0.0067 (Val vs Test)
test,GCA_023267855.1_ASM2326785v1_genomic.cleaned.fna,Mash_dist=0.0025 (Val vs Test)
test,GCA_023267925.1_ASM2326792v1_genomic.cleaned.fna,Mash_dist=0.0055 (Val vs Test)
test,GCA_023268015.1_ASM2326801v1_genomic.cleaned.fna,Mash_dist=0.0029 (Val vs Test)
test,GCA_023268075.1_ASM2326807v1_genomic.cleaned.fna,Mash_dist=0.0029 (Val vs Test)
test,GCA_023268105.1_ASM2326810v1_genomic.cleaned.fna,Mash_dist=0.0048 (Val vs Test)
test,GCA_023268135.1_ASM2326813v1_genomic.cleaned.fna,Mash_dist=0.0026 (Val vs Test)
test,GCA_025920225.1_ASM2592022v1_genomic.cleaned.fna,Mash_dist=0.0118 (Val vs Test)
test,GCA_025920275.1_ASM2592027v1_genomic.cleaned.fna,Mash_dist=0.0104 (Val vs Test)
